#NB_PM;NB_VM;sim_time;cpu_energy;nb_mig;all_sla;vm_realloc_mean;exe_time_mean;strg_egy;egy_cost;wo_cost;sla_cost;all_cost;all_time
20.0;15.0;5131.009774436091;0.8822055137844612;0.0;0.0;5.882352941176471E-5;0.0015294117647058829;0.05015084728487887;0.16437442645652467;0.03374120099999999;0.0;0.19811562745652467;0.168965897
20.0;15.0;5131.009774436091;0.8822055137844612;0.0;0.0;1.1764705882352942E-4;8.235294117647062E-4;0.05015084728487887;0.16437442645652467;0.03374120099999999;0.0;0.19811562745652467;0.062127614
20.0;15.0;5131.009774436091;0.8822055137844612;0.0;0.0;2.3529411764705883E-4;7.647058823529414E-4;0.05015084728487887;0.16437442645652467;0.03374120099999999;0.0;0.19811562745652467;0.053539669
20.0;15.0;5131.009774436091;0.8822055137844612;0.0;0.0;0.0;4.7058823529411766E-4;0.05015084728487887;0.16437442645652467;0.03374120099999999;0.0;0.19811562745652467;0.033218172
20.0;15.0;5131.009774436091;0.8822055137844612;0.0;0.0;1.1764705882352942E-4;5.882352941176472E-4;0.05015084728487887;0.16437442645652467;0.03374120099999999;0.0;0.19811562745652467;0.039030863
