#NB_PM;NB_VM;sim_time;cpu_energy;nb_mig;all_sla;vm_realloc_mean;exe_time_mean;strg_egy;egy_cost;wo_cost;sla_cost;all_cost;all_time
20.0;25.0;5141.318045112782;1.2964454146117985;0.0;0.0;0.0013529411764705887;0.010176470588235299;0.03288797833751045;0.23436147717696318;0.05696032799999999;0.0;0.29132180517696316;0.359756624
20.0;25.0;5141.318045112782;1.2964454146117985;0.0;0.0;7.647058823529414E-4;0.006176470588235296;0.03288797833751045;0.23436147717696318;0.05696032799999999;0.0;0.29132180517696316;0.152132529
20.0;25.0;5141.318045112782;1.2964454146117985;0.0;0.0;9.411764705882358E-4;0.005647058823529414;0.03288797833751045;0.23436147717696318;0.05696032799999999;0.0;0.29132180517696316;0.129580862
20.0;25.0;5141.318045112782;1.2964454146117985;0.0;0.0;6.470588235294119E-4;0.004647058823529413;0.03288797833751045;0.23436147717696318;0.05696032799999999;0.0;0.29132180517696316;0.107516287
20.0;25.0;5141.318045112782;1.2964454146117985;0.0;0.0;7.647058823529414E-4;0.004176470588235296;0.03288797833751045;0.23436147717696318;0.05696032799999999;0.0;0.29132180517696316;0.101461097
