#NB_PM;NB_VM;sim_time;cpu_energy;nb_mig;all_sla;vm_realloc_mean;exe_time_mean;strg_egy;egy_cost;wo_cost;sla_cost;all_cost;all_time
20.0;31.0;5141.318045112782;1.548678146980355;0.0;0.0;29.757470588235293;29.857411764705883;0.02424814609857978;0.27730690546981623;0.06915182099999999;0.0;0.34645872646981624;507.754769156
20.0;31.0;5141.318045112782;1.548678146980355;0.0;0.0;29.32835294117647;29.421941176470586;0.02424814609857978;0.27730690546981623;0.06915182099999999;0.0;0.34645872646981624;500.224374642
20.0;31.0;5141.318045112782;1.548678146980355;0.0;0.0;29.251470588235293;29.34547058823529;0.02424814609857978;0.27730690546981623;0.06915182099999999;0.0;0.34645872646981624;498.910858906
20.0;31.0;5141.318045112782;1.548678146980355;0.0;0.0;29.2865294117647;29.38282352941177;0.02424814609857978;0.27730690546981623;0.06915182099999999;0.0;0.34645872646981624;499.544822812
20.0;31.0;5141.318045112782;1.548678146980355;0.0;0.0;29.458235294117653;29.55252941176471;0.02424814609857978;0.27730690546981623;0.06915182099999999;0.0;0.34645872646981624;502.430055561
