#NB_PM;NB_VM;sim_time;cpu_energy;nb_mig;all_sla;vm_realloc_mean;exe_time_mean;strg_egy;egy_cost;wo_cost;sla_cost;all_cost;all_time
20.0;20.0;5131.009774436091;0.9674185463659152;0.0;0.0;1.1764705882352942E-4;7.058823529411767E-4;0.050923256850459474;0.17953365990704687;0.044263275;0.0;0.22379693490704686;0.176649763
20.0;20.0;5131.009774436091;0.9674185463659152;0.0;0.0;5.882352941176471E-5;5.882352941176472E-4;0.050923256850459474;0.17953365990704687;0.044263275;0.0;0.22379693490704686;0.054883315
20.0;20.0;5131.009774436091;0.9674185463659152;0.0;0.0;0.0;2.9411764705882356E-4;0.050923256850459474;0.17953365990704687;0.044263275;0.0;0.22379693490704686;0.043609681
20.0;20.0;5131.009774436091;0.9674185463659152;0.0;0.0;0.0;3.5294117647058826E-4;0.050923256850459474;0.17953365990704687;0.044263275;0.0;0.22379693490704686;0.033564969
20.0;20.0;5131.009774436091;0.9674185463659152;0.0;0.0;5.882352941176471E-5;2.9411764705882356E-4;0.050923256850459474;0.17953365990704687;0.044263275;0.0;0.22379693490704686;0.030524039
