#NB_PM;NB_VM;sim_time;cpu_energy;nb_mig;all_sla;vm_realloc_mean;exe_time_mean;strg_egy;egy_cost;wo_cost;sla_cost;all_cost;all_time
20.0;5.0;5121.009774436091;0.3834586466165414;0.0;0.0;5.882352941176471E-5;7.058823529411767E-4;0.07230354055973268;0.08035087359917711;0.011719655999999997;0.0;0.09207052959917711;0.125060038
20.0;5.0;5121.009774436091;0.3834586466165414;0.0;0.0;0.0;4.7058823529411766E-4;0.07230354055973268;0.08035087359917711;0.011719655999999997;0.0;0.09207052959917711;0.03545404
20.0;5.0;5121.009774436091;0.3834586466165414;0.0;0.0;5.882352941176471E-5;5.294117647058824E-4;0.07230354055973268;0.08035087359917711;0.011719655999999997;0.0;0.09207052959917711;0.029198927
20.0;5.0;5121.009774436091;0.3834586466165414;0.0;0.0;5.882352941176471E-5;1.1764705882352942E-4;0.07230354055973268;0.08035087359917711;0.011719655999999997;0.0;0.09207052959917711;0.025175281
20.0;5.0;5121.009774436091;0.3834586466165414;0.0;0.0;0.0;1.7647058823529413E-4;0.07230354055973268;0.08035087359917711;0.011719655999999997;0.0;0.09207052959917711;0.023402024
