#NB_PM;NB_VM;sim_time;cpu_energy;nb_mig;all_sla;vm_realloc_mean;exe_time_mean;strg_egy;egy_cost;wo_cost;sla_cost;all_cost;all_time
20.0;10.0;5121.009774436091;0.7969924812030076;0.0;0.0;1.1764705882352942E-4;0.0010000000000000005;0.04937843771929824;0.14921519300600253;0.023219127;0.0;0.17243432000600253;0.149393115
20.0;10.0;5121.009774436091;0.7969924812030076;0.0;0.0;5.882352941176471E-5;5.882352941176472E-4;0.04937843771929824;0.14921519300600253;0.023219127;0.0;0.17243432000600253;0.044338298
20.0;10.0;5121.009774436091;0.7969924812030076;0.0;0.0;5.882352941176471E-5;2.9411764705882356E-4;0.04937843771929824;0.14921519300600253;0.023219127;0.0;0.17243432000600253;0.038241082
20.0;10.0;5121.009774436091;0.7969924812030076;0.0;0.0;0.0;5.294117647058824E-4;0.04937843771929824;0.14921519300600253;0.023219127;0.0;0.17243432000600253;0.032055113
20.0;10.0;5121.009774436091;0.7969924812030076;0.0;0.0;5.882352941176471E-5;4.7058823529411766E-4;0.04937843771929824;0.14921519300600253;0.023219127;0.0;0.17243432000600253;0.027267442
