#NB_PM;NB_VM;sim_time;cpu_energy;nb_mig;all_sla;vm_realloc_mean;exe_time_mean;strg_egy;egy_cost;wo_cost;sla_cost;all_cost;all_time
20.0;25.0;5141.318045112782;1.2964454146117985;0.0;0.0;5.882352941176471E-5;9.411764705882358E-4;0.03288797833751045;0.23436147717696318;0.05696032799999999;0.0;0.29132180517696316;0.192522219
20.0;25.0;5141.318045112782;1.2964454146117985;0.0;0.0;0.0;3.5294117647058826E-4;0.03288797833751045;0.23436147717696318;0.05696032799999999;0.0;0.29132180517696316;0.06436795
20.0;25.0;5141.318045112782;1.2964454146117985;0.0;0.0;5.882352941176471E-5;4.1176470588235296E-4;0.03288797833751045;0.23436147717696318;0.05696032799999999;0.0;0.29132180517696316;0.044188164
20.0;25.0;5141.318045112782;1.2964454146117985;0.0;0.0;5.882352941176471E-5;5.294117647058824E-4;0.03288797833751045;0.23436147717696318;0.05696032799999999;0.0;0.29132180517696316;0.043817704
20.0;25.0;5141.318045112782;1.2964454146117985;0.0;0.0;0.0;2.3529411764705883E-4;0.03288797833751045;0.23436147717696318;0.05696032799999999;0.0;0.29132180517696316;0.040189969
