#NB_PM;NB_VM;sim_time;cpu_energy;nb_mig;all_sla;vm_realloc_mean;exe_time_mean;strg_egy;egy_cost;wo_cost;sla_cost;all_cost;all_time
20.0;35.0;2705.47358490566;0.6466666666666666;0.0;0.0;0.0012222222222222226;0.0021111111111111113;7.517444758909853E-4;0.11413986588443291;0.40148619400833835;0.0;0.5156260598927712;0.207447351
20.0;35.0;2705.47358490566;0.6466666666666666;0.0;0.0;7.777777777777778E-4;0.001;7.517444758909853E-4;0.11413986588443291;0.40148619400833835;0.0;0.5156260598927712;0.059594724
20.0;35.0;2705.47358490566;0.6466666666666666;0.0;0.0;5.555555555555556E-4;0.0012222222222222226;7.517444758909853E-4;0.11413986588443291;0.40148619400833835;0.0;0.5156260598927712;0.048999739
20.0;35.0;2705.47358490566;0.6466666666666666;0.0;0.0;6.666666666666666E-4;0.001;7.517444758909853E-4;0.11413986588443291;0.40148619400833835;0.0;0.5156260598927712;0.040285958
20.0;35.0;2705.47358490566;0.6466666666666666;0.0;0.0;4.4444444444444447E-4;7.777777777777778E-4;7.517444758909853E-4;0.11413986588443291;0.40148619400833835;0.0;0.5156260598927712;0.034642209
