#NB_PM;NB_VM;sim_time;cpu_energy;nb_mig;all_sla;vm_realloc_mean;exe_time_mean;strg_egy;egy_cost;wo_cost;sla_cost;all_cost;all_time
20.0;20.0;2606.904398645372;0.43666666666666665;0.0;0.0;0.0013333333333333337;0.001888888888888889;7.482995450196191E-4;0.07711625854312029;0.23003252071050628;0.0;0.3071487792536266;0.160327514
20.0;20.0;2606.904398645372;0.43666666666666665;0.0;0.0;8.888888888888889E-4;0.0014444444444444446;7.482995450196191E-4;0.07711625854312029;0.23003252071050628;0.0;0.3071487792536266;0.048465676
20.0;20.0;2606.904398645372;0.43666666666666665;0.0;0.0;6.666666666666666E-4;0.001;7.482995450196191E-4;0.07711625854312029;0.23003252071050628;0.0;0.3071487792536266;0.039149256
20.0;20.0;2606.904398645372;0.43666666666666665;0.0;0.0;0.001;0.0011111111111111113;7.482995450196191E-4;0.07711625854312029;0.23003252071050628;0.0;0.3071487792536266;0.03543379
20.0;20.0;2606.904398645372;0.43666666666666665;0.0;0.0;7.777777777777778E-4;0.001;7.482995450196191E-4;0.07711625854312029;0.23003252071050628;0.0;0.3071487792536266;0.02931683
