#NB_PM;NB_VM;sim_time;cpu_energy;nb_mig;all_sla;vm_realloc_mean;exe_time_mean;strg_egy;egy_cost;wo_cost;sla_cost;all_cost;all_time
20.0;15.0;2703.747169811321;0.29333333333333333;0.0;0.0;0.0012222222222222226;0.0021111111111111113;8.730046802935011E-4;0.051868577391802416;0.17371038767523517;0.0;0.2255789650670376;0.144419596
20.0;15.0;2703.747169811321;0.29333333333333333;0.0;0.0;0.001;0.0013333333333333333;8.730046802935011E-4;0.051868577391802416;0.17371038767523517;0.0;0.2255789650670376;0.044935988
20.0;15.0;2703.747169811321;0.29333333333333333;0.0;0.0;0.001;0.001;8.730046802935011E-4;0.051868577391802416;0.17371038767523517;0.0;0.2255789650670376;0.034310956
20.0;15.0;2703.747169811321;0.29333333333333333;0.0;0.0;5.555555555555556E-4;0.0011111111111111113;8.730046802935011E-4;0.051868577391802416;0.17371038767523517;0.0;0.2255789650670376;0.033986164
20.0;15.0;2703.747169811321;0.29333333333333333;0.0;0.0;7.777777777777778E-4;8.888888888888889E-4;8.730046802935011E-4;0.051868577391802416;0.17371038767523517;0.0;0.2255789650670376;0.028020016
