#NB_PM;NB_VM;sim_time;cpu_energy;nb_mig;all_sla;vm_realloc_mean;exe_time_mean;strg_egy;egy_cost;wo_cost;sla_cost;all_cost;all_time
20.0;42.0;2705.467924528302;0.7288888888888889;0.0;0.0;4.4444444444444447E-4;0.0013333333333333337;8.437225157232706E-4;0.12865185939063314;0.48408625915033215;0.0;0.6127381185409653;0.200536451
20.0;42.0;2705.467924528302;0.7288888888888889;0.0;0.0;1.1111111111111112E-4;7.777777777777778E-4;8.437225157232706E-4;0.12865185939063314;0.48408625915033215;0.0;0.6127381185409653;0.061979988
20.0;42.0;2705.467924528302;0.7288888888888889;0.0;0.0;5.555555555555556E-4;0.0011111111111111111;8.437225157232706E-4;0.12865185939063314;0.48408625915033215;0.0;0.6127381185409653;0.04633537
20.0;42.0;2705.467924528302;0.7288888888888889;0.0;0.0;3.333333333333333E-4;5.555555555555556E-4;8.437225157232706E-4;0.12865185939063314;0.48408625915033215;0.0;0.6127381185409653;0.037868316
20.0;42.0;2705.467924528302;0.7288888888888889;0.0;0.0;2.2222222222222223E-4;8.888888888888889E-4;8.437225157232706E-4;0.12865185939063314;0.48408625915033215;0.0;0.6127381185409653;0.038210676
