#NB_PM;NB_VM;sim_time;cpu_energy;nb_mig;all_sla;vm_realloc_mean;exe_time_mean;strg_egy;egy_cost;wo_cost;sla_cost;all_cost;all_time
20.0;10.0;2703.5471698113206;0.27;0.0;0.0;0.0013333333333333337;0.0017777777777777783;8.17230676100629E-4;0.047745077768196545;0.11964496901736714;0.0;0.16739004678556368;0.137597784
20.0;10.0;2703.5471698113206;0.27;0.0;0.0;0.0011111111111111111;0.0013333333333333335;8.17230676100629E-4;0.047745077768196545;0.11964496901736714;0.0;0.16739004678556368;0.042305057
20.0;10.0;2703.5471698113206;0.27;0.0;0.0;6.666666666666666E-4;8.888888888888889E-4;8.17230676100629E-4;0.047745077768196545;0.11964496901736714;0.0;0.16739004678556368;0.031911197
20.0;10.0;2703.5471698113206;0.27;0.0;0.0;7.777777777777778E-4;8.888888888888889E-4;8.17230676100629E-4;0.047745077768196545;0.11964496901736714;0.0;0.16739004678556368;0.034824601
20.0;10.0;2703.5471698113206;0.27;0.0;0.0;8.888888888888889E-4;0.0011111111111111113;8.17230676100629E-4;0.047745077768196545;0.11964496901736714;0.0;0.16739004678556368;0.030003854
