#NB_PM;NB_VM;sim_time;cpu_energy;nb_mig;all_sla;vm_realloc_mean;exe_time_mean;strg_egy;egy_cost;wo_cost;sla_cost;all_cost;all_time
20.0;20.0;5106.084905660377;1.6340852130325816;0.0;0.0;0.0;0.029352941176470602;4.661860587002097E-4;0.28817141165979304;0.4364610588604438;0.0;0.7246324705202368;0.682566595
20.0;20.0;5106.084905660377;1.6340852130325816;0.0;0.0;1.1764705882352942E-4;0.01735294117647059;4.661860587002097E-4;0.28817141165979304;0.4364610588604438;0.0;0.7246324705202368;0.349641572
20.0;20.0;5106.084905660377;1.6340852130325816;0.0;0.0;0.0;0.01294117647058824;4.661860587002097E-4;0.28817141165979304;0.4364610588604438;0.0;0.7246324705202368;0.257035214
20.0;20.0;5106.084905660377;1.6340852130325816;0.0;0.0;1.1764705882352942E-4;0.015941176470588233;4.661860587002097E-4;0.28817141165979304;0.4364610588604438;0.0;0.7246324705202368;0.30205277
20.0;20.0;5106.084905660377;1.6340852130325816;0.0;0.0;0.0;0.012117647058823532;4.661860587002097E-4;0.28817141165979304;0.4364610588604438;0.0;0.7246324705202368;0.235981732
