#NB_PM;NB_VM;sim_time;cpu_energy;nb_mig;all_sla;vm_realloc_mean;exe_time_mean;strg_egy;egy_cost;wo_cost;sla_cost;all_cost;all_time
10.0;30.0;2560.1109267027105;0.5588888888888889;0.0;0.0;0.017;0.01777777777777778;3.7463532494758913E-4;0.09859815931889938;0.7012225021214501;0.0;0.7998206614403495;0.332795886
10.0;30.0;2560.1109267027105;0.5588888888888889;0.0;0.0;0.013666666666666667;0.014222222222222223;3.7463532494758913E-4;0.09859815931889938;0.7012225021214501;0.0;0.7998206614403495;0.181808698
10.0;30.0;2560.1109267027105;0.5588888888888889;0.0;0.0;0.010555555555555554;0.011444444444444443;3.7463532494758913E-4;0.09859815931889938;0.7012225021214501;0.0;0.7998206614403495;0.132402323
10.0;30.0;2560.1109267027105;0.5588888888888889;0.0;0.0;0.010222222222222223;0.010666666666666666;3.7463532494758913E-4;0.09859815931889938;0.7012225021214501;0.0;0.7998206614403495;0.122178161
10.0;30.0;2560.1109267027105;0.5588888888888889;0.0;0.0;0.011444444444444443;0.011444444444444443;3.7463532494758913E-4;0.09859815931889938;0.7012225021214501;0.0;0.7998206614403495;0.130990869
