#NB_PM;NB_VM;sim_time;cpu_energy;nb_mig;all_sla;vm_realloc_mean;exe_time_mean;strg_egy;egy_cost;wo_cost;sla_cost;all_cost;all_time
30.0;80.0;2608.459115626504;1.6833333333333333;0.0;0.0;2.2222222222222223E-4;0.0015555555555555557;9.693186582809224E-4;0.2969425575461216;0.6134200552280168;0.0;0.9103626127741384;0.272876998
30.0;80.0;2608.459115626504;1.6833333333333333;0.0;0.0;0.0;8.888888888888889E-4;9.693186582809224E-4;0.2969425575461216;0.6134200552280168;0.0;0.9103626127741384;0.082017144
30.0;80.0;2608.459115626504;1.6833333333333333;0.0;0.0;1.1111111111111112E-4;6.666666666666666E-4;9.693186582809224E-4;0.2969425575461216;0.6134200552280168;0.0;0.9103626127741384;0.067619782
30.0;80.0;2608.459115626504;1.6833333333333333;0.0;0.0;0.0;3.333333333333333E-4;9.693186582809224E-4;0.2969425575461216;0.6134200552280168;0.0;0.9103626127741384;0.062743713
30.0;80.0;2608.459115626504;1.6833333333333333;0.0;0.0;2.2222222222222223E-4;6.666666666666666E-4;9.693186582809224E-4;0.2969425575461216;0.6134200552280168;0.0;0.9103626127741384;0.06004571
