#NB_PM;NB_VM;sim_time;cpu_energy;nb_mig;all_sla;vm_realloc_mean;exe_time_mean;strg_egy;egy_cost;wo_cost;sla_cost;all_cost;all_time
30.0;70.0;2706.7603773584906;1.3144444444444445;0.0;0.0;5.555555555555556E-4;0.0016666666666666672;0.001188477285115304;0.23194608410092143;0.535314925344451;0.0;0.7672610094453725;0.257279708
30.0;70.0;2706.7603773584906;1.3144444444444445;0.0;0.0;1.1111111111111112E-4;0.001;0.001188477285115304;0.23194608410092143;0.535314925344451;0.0;0.7672610094453725;0.07799196
30.0;70.0;2706.7603773584906;1.3144444444444445;0.0;0.0;4.4444444444444447E-4;0.0015555555555555557;0.001188477285115304;0.23194608410092143;0.535314925344451;0.0;0.7672610094453725;0.067948093
30.0;70.0;2706.7603773584906;1.3144444444444445;0.0;0.0;7.777777777777778E-4;0.0011111111111111113;0.001188477285115304;0.23194608410092143;0.535314925344451;0.0;0.7672610094453725;0.061920116
30.0;70.0;2706.7603773584906;1.3144444444444445;0.0;0.0;4.4444444444444447E-4;0.001;0.001188477285115304;0.23194608410092143;0.535314925344451;0.0;0.7672610094453725;0.072551371
