#NB_PM;NB_VM;sim_time;cpu_energy;nb_mig;all_sla;vm_realloc_mean;exe_time_mean;strg_egy;egy_cost;wo_cost;sla_cost;all_cost;all_time
20.0;57.0;2609.059115626504;1.1177777777777778;0.0;0.0;3.333333333333333E-4;0.0012222222222222226;7.07350786163522E-4;0.19718892816582284;0.6639363890173912;0.0;0.8611253171832141;0.217887844
20.0;57.0;2609.059115626504;1.1177777777777778;0.0;0.0;1.1111111111111112E-4;8.888888888888889E-4;7.07350786163522E-4;0.19718892816582284;0.6639363890173912;0.0;0.8611253171832141;0.070869962
20.0;57.0;2609.059115626504;1.1177777777777778;0.0;0.0;0.0;0.001;7.07350786163522E-4;0.19718892816582284;0.6639363890173912;0.0;0.8611253171832141;0.061840135
20.0;57.0;2609.059115626504;1.1177777777777778;0.0;0.0;2.2222222222222223E-4;6.666666666666666E-4;7.07350786163522E-4;0.19718892816582284;0.6639363890173912;0.0;0.8611253171832141;0.058036237
20.0;57.0;2609.059115626504;1.1177777777777778;0.0;0.0;1.1111111111111112E-4;6.666666666666666E-4;7.07350786163522E-4;0.19718892816582284;0.6639363890173912;0.0;0.8611253171832141;0.050430864
