#NB_PM;NB_VM;sim_time;cpu_energy;nb_mig;all_sla;vm_realloc_mean;exe_time_mean;strg_egy;egy_cost;wo_cost;sla_cost;all_cost;all_time
20.0;40.0;5109.088679245283;1.9348370927318308;0.0;0.0;1.1764705882352942E-4;0.023529411764705885;9.32372117400419E-4;0.3412761566529195;0.8729221177208872;0.0;1.2141982743738067;0.613744012
20.0;40.0;5109.088679245283;1.9348370927318308;0.0;0.0;5.882352941176471E-5;0.019058823529411767;9.32372117400419E-4;0.3412761566529195;0.8729221177208872;0.0;1.2141982743738067;0.381513674
20.0;40.0;5109.088679245283;1.9348370927318308;0.0;0.0;0.0;0.01611764705882354;9.32372117400419E-4;0.3412761566529195;0.8729221177208872;0.0;1.2141982743738067;0.31930761
20.0;40.0;5109.088679245283;1.9348370927318308;0.0;0.0;5.882352941176471E-5;0.015294117647058831;9.32372117400419E-4;0.3412761566529195;0.8729221177208872;0.0;1.2141982743738067;0.303533333
20.0;40.0;5109.088679245283;1.9348370927318308;0.0;0.0;5.882352941176471E-5;0.01429411764705883;9.32372117400419E-4;0.3412761566529195;0.8729221177208872;0.0;1.2141982743738067;0.283954593
