#NB_PM;NB_VM;sim_time;cpu_energy;nb_mig;all_sla;vm_realloc_mean;exe_time_mean;strg_egy;egy_cost;wo_cost;sla_cost;all_cost;all_time
30.0;45.0;2557.9562097215785;0.95;0.0;0.0;0.0027777777777777788;0.0035555555555555566;0.0010584051644689232;0.16767159683049587;0.35061125106072505;0.0;0.5182828478912209;0.236879205
30.0;45.0;2557.9562097215785;0.95;0.0;0.0;0.0021111111111111113;0.002666666666666666;0.0010584051644689232;0.16767159683049587;0.35061125106072505;0.0;0.5182828478912209;0.080054308
30.0;45.0;2557.9562097215785;0.95;0.0;0.0;0.001888888888888889;0.002666666666666666;0.0010584051644689232;0.16767159683049587;0.35061125106072505;0.0;0.5182828478912209;0.067889372
30.0;45.0;2557.9562097215785;0.95;0.0;0.0;0.0022222222222222227;0.0024444444444444453;0.0010584051644689232;0.16767159683049587;0.35061125106072505;0.0;0.5182828478912209;0.061076361
30.0;45.0;2557.9562097215785;0.95;0.0;0.0;0.0014444444444444446;0.001888888888888889;0.0010584051644689232;0.16767159683049587;0.35061125106072505;0.0;0.5182828478912209;0.055680655
