#NB_PM;NB_VM;sim_time;cpu_energy;nb_mig;all_sla;vm_realloc_mean;exe_time_mean;strg_egy;egy_cost;wo_cost;sla_cost;all_cost;all_time
20.0;35.0;5109.088679245283;1.8496240601503766;0.0;0.0;1.1764705882352942E-4;0.04482352941176471;8.264343291404613E-4;0.32623442217673887;0.769168485404979;0.0;1.0954029075817178;0.989024511
20.0;35.0;5109.088679245283;1.8496240601503766;0.0;0.0;5.882352941176471E-5;0.040411764705882355;8.264343291404613E-4;0.32623442217673887;0.769168485404979;0.0;1.0954029075817178;0.754420895
20.0;35.0;5109.088679245283;1.8496240601503766;0.0;0.0;5.882352941176471E-5;0.022352941176470593;8.264343291404613E-4;0.32623442217673887;0.769168485404979;0.0;1.0954029075817178;0.426901154
20.0;35.0;5109.088679245283;1.8496240601503766;0.0;0.0;1.1764705882352942E-4;0.023823529411764716;8.264343291404613E-4;0.32623442217673887;0.769168485404979;0.0;1.0954029075817178;0.444856175
20.0;35.0;5109.088679245283;1.8496240601503766;0.0;0.0;0.0;0.020764705882352942;8.264343291404613E-4;0.32623442217673887;0.769168485404979;0.0;1.0954029075817178;0.390772399
