#NB_PM;NB_VM;sim_time;cpu_energy;nb_mig;all_sla;vm_realloc_mean;exe_time_mean;strg_egy;egy_cost;wo_cost;sla_cost;all_cost;all_time
30.0;65.0;2706.7603773584906;1.13;0.0;0.0;8.888888888888889E-4;0.001888888888888889;0.001290209114255765;0.19944646386684328;0.49927131290587246;0.0;0.6987177767727157;0.242851519
30.0;65.0;2706.7603773584906;1.13;0.0;0.0;5.555555555555556E-4;0.0013333333333333337;0.001290209114255765;0.19944646386684328;0.49927131290587246;0.0;0.6987177767727157;0.07588725
30.0;65.0;2706.7603773584906;1.13;0.0;0.0;5.555555555555556E-4;0.001;0.001290209114255765;0.19944646386684328;0.49927131290587246;0.0;0.6987177767727157;0.079139004
30.0;65.0;2706.7603773584906;1.13;0.0;0.0;4.4444444444444447E-4;7.777777777777778E-4;0.001290209114255765;0.19944646386684328;0.49927131290587246;0.0;0.6987177767727157;0.053815838
30.0;65.0;2706.7603773584906;1.13;0.0;0.0;3.333333333333333E-4;5.555555555555556E-4;0.001290209114255765;0.19944646386684328;0.49927131290587246;0.0;0.6987177767727157;0.048148627
