#NB_PM;NB_VM;sim_time;cpu_energy;nb_mig;all_sla;vm_realloc_mean;exe_time_mean;strg_egy;egy_cost;wo_cost;sla_cost;all_cost;all_time
20.0;5.0;2701.8264150943396;0.18166666666666667;0.0;0.0;0.001666666666666667;0.0021111111111111113;8.576902253668765E-4;0.03217904412006552;0.06050682029407763;0.0;0.09268586441414314;0.162196289
20.0;5.0;2701.8264150943396;0.18166666666666667;0.0;0.0;0.0011111111111111111;0.0017777777777777779;8.576902253668765E-4;0.03217904412006552;0.06050682029407763;0.0;0.09268586441414314;0.042659614
20.0;5.0;2701.8264150943396;0.18166666666666667;0.0;0.0;0.001;0.0012222222222222226;8.576902253668765E-4;0.03217904412006552;0.06050682029407763;0.0;0.09268586441414314;0.037184921
20.0;5.0;2701.8264150943396;0.18166666666666667;0.0;0.0;6.666666666666666E-4;0.001;8.576902253668765E-4;0.03217904412006552;0.06050682029407763;0.0;0.09268586441414314;0.024195191
20.0;5.0;2701.8264150943396;0.18166666666666667;0.0;0.0;8.888888888888889E-4;0.0011111111111111111;8.576902253668765E-4;0.03217904412006552;0.06050682029407763;0.0;0.09268586441414314;0.024915416
