#NB_PM;NB_VM;sim_time;cpu_energy;nb_mig;all_sla;vm_realloc_mean;exe_time_mean;strg_egy;egy_cost;wo_cost;sla_cost;all_cost;all_time
20.0;25.0;5109.088679245283;1.6791979949874687;0.0;0.0;1.1764705882352942E-4;0.021941176470588238;6.145587526205451E-4;0.29615095322437773;0.5616612207731622;0.0;0.85781217399754;0.561274636
20.0;25.0;5109.088679245283;1.6791979949874687;0.0;0.0;5.882352941176471E-5;0.017117647058823533;6.145587526205451E-4;0.29615095322437773;0.5616612207731622;0.0;0.85781217399754;0.337315464
20.0;25.0;5109.088679245283;1.6791979949874687;0.0;0.0;0.0;0.013117647058823534;6.145587526205451E-4;0.29615095322437773;0.5616612207731622;0.0;0.85781217399754;0.258902084
20.0;25.0;5109.088679245283;1.6791979949874687;0.0;0.0;5.882352941176471E-5;0.014882352941176472;6.145587526205451E-4;0.29615095322437773;0.5616612207731622;0.0;0.85781217399754;0.28803536
20.0;25.0;5109.088679245283;1.6791979949874687;0.0;0.0;1.1764705882352942E-4;0.012705882352941181;6.145587526205451E-4;0.29615095322437773;0.5616612207731622;0.0;0.85781217399754;0.245974386
