#NB_PM;NB_VM;sim_time;cpu_energy;nb_mig;all_sla;vm_realloc_mean;exe_time_mean;strg_egy;egy_cost;wo_cost;sla_cost;all_cost;all_time
10.0;30.0;2560.1109267027105;0.5588888888888889;0.0;0.0;1.1111111111111112E-4;0.001;3.7463532494758913E-4;0.09859815931889938;0.7012225021214501;0.0;0.7998206614403495;0.167943032
10.0;30.0;2560.1109267027105;0.5588888888888889;0.0;0.0;0.0;2.2222222222222223E-4;3.7463532494758913E-4;0.09859815931889938;0.7012225021214501;0.0;0.7998206614403495;0.051385649
10.0;30.0;2560.1109267027105;0.5588888888888889;0.0;0.0;0.0;4.4444444444444447E-4;3.7463532494758913E-4;0.09859815931889938;0.7012225021214501;0.0;0.7998206614403495;0.04383879
10.0;30.0;2560.1109267027105;0.5588888888888889;0.0;0.0;0.0;4.4444444444444447E-4;3.7463532494758913E-4;0.09859815931889938;0.7012225021214501;0.0;0.7998206614403495;0.032647533
10.0;30.0;2560.1109267027105;0.5588888888888889;0.0;0.0;1.1111111111111112E-4;7.777777777777778E-4;3.7463532494758913E-4;0.09859815931889938;0.7012225021214501;0.0;0.7998206614403495;0.031413697
