#NB_PM;NB_VM;sim_time;cpu_energy;nb_mig;all_sla;vm_realloc_mean;exe_time_mean;strg_egy;egy_cost;wo_cost;sla_cost;all_cost;all_time
20.0;45.0;2560.1109267027105;0.71;0.0;0.0;4.4444444444444447E-4;0.0016666666666666672;8.598242936499076E-4;0.1253245870229705;0.5259168765910875;0.0;0.651241463614058;0.211818041
20.0;45.0;2560.1109267027105;0.71;0.0;0.0;3.333333333333333E-4;8.888888888888889E-4;8.598242936499076E-4;0.1253245870229705;0.5259168765910875;0.0;0.651241463614058;0.063504753
20.0;45.0;2560.1109267027105;0.71;0.0;0.0;3.333333333333333E-4;7.777777777777778E-4;8.598242936499076E-4;0.1253245870229705;0.5259168765910875;0.0;0.651241463614058;0.048817742
20.0;45.0;2560.1109267027105;0.71;0.0;0.0;2.2222222222222223E-4;6.666666666666666E-4;8.598242936499076E-4;0.1253245870229705;0.5259168765910875;0.0;0.651241463614058;0.043836502
20.0;45.0;2560.1109267027105;0.71;0.0;0.0;5.555555555555556E-4;8.888888888888889E-4;8.598242936499076E-4;0.1253245870229705;0.5259168765910875;0.0;0.651241463614058;0.039106566
