#NB_PM;NB_VM;sim_time;cpu_energy;nb_mig;all_sla;vm_realloc_mean;exe_time_mean;strg_egy;egy_cost;wo_cost;sla_cost;all_cost;all_time
20.0;45.0;5048.347294045091;1.9799498746867183;0.0;0.0;9.411764705882358E-4;0.3334117647058824;9.778404088050315E-4;0.3492375561713408;0.9441565513241152;0.0;1.293394107495456;5.884888842
20.0;45.0;5048.347294045091;1.9799498746867183;0.0;0.0;7.647058823529414E-4;0.31388235294117656;9.778404088050315E-4;0.3492375561713408;0.9441565513241152;0.0;1.293394107495456;5.397772089
20.0;45.0;5048.347294045091;1.9799498746867183;0.0;0.0;5.294117647058824E-4;0.31541176470588234;9.778404088050315E-4;0.3492375561713408;0.9441565513241152;0.0;1.293394107495456;5.419392619
20.0;45.0;5048.347294045091;1.9799498746867183;0.0;0.0;7.647058823529414E-4;0.31505882352941184;9.778404088050315E-4;0.3492375561713408;0.9441565513241152;0.0;1.293394107495456;5.397108394
20.0;45.0;5048.347294045091;1.9799498746867183;0.0;0.0;4.1176470588235296E-4;0.32399999999999995;9.778404088050315E-4;0.3492375561713408;0.9441565513241152;0.0;1.293394107495456;5.550286669
