#NB_PM;NB_VM;sim_time;cpu_energy;nb_mig;all_sla;vm_realloc_mean;exe_time_mean;strg_egy;egy_cost;wo_cost;sla_cost;all_cost;all_time
20.0;55.0;2559.5109267027105;1.1188888888888888;0.0;0.0;2.2222222222222223E-4;0.0013333333333333333;6.719769916142559E-4;0.19737858065473274;0.635370666951375;0.0;0.8327492476061078;0.238597093
20.0;55.0;2559.5109267027105;1.1188888888888888;0.0;0.0;5.555555555555556E-4;6.666666666666666E-4;6.719769916142559E-4;0.19737858065473274;0.635370666951375;0.0;0.8327492476061078;0.079991555
20.0;55.0;2559.5109267027105;1.1188888888888888;0.0;0.0;0.0;7.777777777777778E-4;6.719769916142559E-4;0.19737858065473274;0.635370666951375;0.0;0.8327492476061078;0.052274387
20.0;55.0;2559.5109267027105;1.1188888888888888;0.0;0.0;2.2222222222222223E-4;4.4444444444444447E-4;6.719769916142559E-4;0.19737858065473274;0.635370666951375;0.0;0.8327492476061078;0.045917734
20.0;55.0;2559.5109267027105;1.1188888888888888;0.0;0.0;1.1111111111111112E-4;3.333333333333333E-4;6.719769916142559E-4;0.19737858065473274;0.635370666951375;0.0;0.8327492476061078;0.040556554
