#NB_PM;NB_PM;sim_time(s);cpu_egy(kWh);nb_mig;All_SLA( %);VM_realloc mean(s);exe_time_mean(s);strg_egy(kWh);egy_cost($);Wear-out_cost($);SLA_cost($);All_costs($);All_time(s)
20;5;5106.08490566038;0.383458646616541;0;0;1.29E-04;1.24E-03;0.001619350655136;0.067889250918997;1.16E-01;0;0.148244172958487;0.0672446564
20;10;5106.08490566038;0.796992481203008;0;0;5.88E-05;2.44E-03;0.001245996593291;0.140729443635488;0.228953794228627;0;0.369683237864114;0.0902850132
20;15;5109.08867924528;0.882205513784461;0;0;8.24E-05;0.003011764705882;0.001351934381551;0.155771178111668;0.332707426544535;0;0.488478604656203;0.103527181
20;20;5109.08867924528;0.967418546365915;0;0;5.88E-05;0.003117647058824;0.001457872169811;0.170812912587849;0.436461058860444;0;0.607273971448292;0.1156861408
20;25;5112.16981132076;1.2964454146118;0;0;7.76E-04;0.0458;0.001209570419287;0.22877657386098;0.561661220773162;0;0.790437794634142;0.8440644784
20;30;5048.34729404509;1.52361549033875;0;0;2.58E+00;2.58656470588235;0.00104428499918;0.268797518392077;0.629437700882744;0;0.898235219274821;44.040002784
20;31;#DIV/0!;#DIV/0!;#DIV/0!;#DIV/0!;#DIV/0!;#DIV/0!;#DIV/0!;#DIV/0!;#DIV/0!;#DIV/0!;#DIV/0!;#DIV/0!
