#NB_PM;NB_VM;sim_time;cpu_energy;nb_mig;all_sla;vm_realloc_mean;exe_time_mean;strg_egy;egy_cost;wo_cost;sla_cost;all_cost;all_time
100.0;269.0;2712.039622641509;5.015547222222223;269.0;0.004446057526540242;0.02833333333333334;0.054;0.006453299999999999;0.885378692067778;1.1728531977009984;1.600580709554487;3.658812599323263;1.183478774
100.0;269.0;2712.039622641509;5.015547222222223;269.0;0.004446057526540242;0.026444444444444444;0.052;0.006453299999999999;0.885378692067778;1.1728531977009984;1.600580709554487;3.658812599323263;0.854808608
100.0;269.0;2712.039622641509;5.015547222222223;269.0;0.004446057526540242;0.018000000000000002;0.035111111111111114;0.006453299999999999;0.885378692067778;1.1728531977009984;1.600580709554487;3.658812599323263;0.568092808
100.0;269.0;2712.039622641509;5.015547222222223;269.0;0.004446057526540242;0.020444444444444446;0.041777777777777775;0.006453299999999999;0.885378692067778;1.1728531977009984;1.600580709554487;3.658812599323263;0.597061993
100.0;269.0;2712.039622641509;5.015547222222223;269.0;0.004446057526540242;0.01677777777777778;0.03266666666666667;0.006453299999999999;0.885378692067778;1.1728531977009984;1.600580709554487;3.658812599323263;0.487068601
