#NB_PM;NB_VM;sim_time;cpu_energy;nb_mig;all_sla;vm_realloc_mean;exe_time_mean;strg_egy;egy_cost;wo_cost;sla_cost;all_cost;all_time
20.0;46.0;2612.9987382680138;0.7838611111111111;16.0;4.7649301143583224E-4;1.1111111111111112E-4;0.0015555555555555561;9.349897274633125E-4;0.1383595525778407;0.6141734371797734;0.17153748411689962;0.9240704738745137;0.217090976
20.0;46.0;2612.9987382680138;0.7838611111111111;16.0;4.7649301143583224E-4;0.0;0.0012222222222222226;9.349897274633125E-4;0.1383595525778407;0.6141734371797734;0.17153748411689962;0.9240704738745137;0.094317273
20.0;46.0;2612.9987382680138;0.7838611111111111;16.0;4.7649301143583224E-4;0.0;7.777777777777778E-4;9.349897274633125E-4;0.1383595525778407;0.6141734371797734;0.17153748411689962;0.9240704738745137;0.052214971
20.0;46.0;2612.9987382680138;0.7838611111111111;16.0;4.7649301143583224E-4;1.1111111111111112E-4;6.666666666666666E-4;9.349897274633125E-4;0.1383595525778407;0.6141734371797734;0.17153748411689962;0.9240704738745137;0.039029319
20.0;46.0;2612.9987382680138;0.7838611111111111;16.0;4.7649301143583224E-4;1.1111111111111112E-4;4.4444444444444447E-4;9.349897274633125E-4;0.1383595525778407;0.6141734371797734;0.17153748411689962;0.9240704738745137;0.041652377
