#NB_PM;NB_VM;sim_time;cpu_energy;nb_mig;all_sla;vm_realloc_mean;exe_time_mean;strg_egy;egy_cost;wo_cost;sla_cost;all_cost;all_time
100.0;269.0;2711.466037735849;4.316022222222222;101.0;5.015268451138201E-4;1.1111111111111112E-4;0.012111111111111112;0.005003106551362682;0.7617967654627831;0.7136926760967038;0.18054966424097527;1.656039105800462;0.70644601
100.0;269.0;2711.466037735849;4.316022222222222;101.0;5.015268451138201E-4;1.1111111111111112E-4;0.007333333333333334;0.005003106551362682;0.7617967654627831;0.7136926760967038;0.18054966424097527;1.656039105800462;0.356275139
100.0;269.0;2711.466037735849;4.316022222222222;101.0;5.015268451138201E-4;0.0;0.011222222222222224;0.005003106551362682;0.7617967654627831;0.7136926760967038;0.18054966424097527;1.656039105800462;0.33361542
100.0;269.0;2711.466037735849;4.316022222222222;101.0;5.015268451138201E-4;0.0;0.006666666666666667;0.005003106551362682;0.7617967654627831;0.7136926760967038;0.18054966424097527;1.656039105800462;0.236743008
100.0;269.0;2711.466037735849;4.316022222222222;101.0;5.015268451138201E-4;1.1111111111111112E-4;0.006444444444444445;0.005003106551362682;0.7617967654627831;0.7136926760967038;0.18054966424097527;1.656039105800462;0.208058322
