#NB_PM;NB_VM;sim_time;cpu_energy;nb_mig;all_sla;vm_realloc_mean;exe_time_mean;strg_egy;egy_cost;wo_cost;sla_cost;all_cost;all_time
100.0;269.0;2712.039622641509;4.922233333333334;269.0;0.004749128812409412;0.02077777777777778;0.041222222222222236;0.005665452101677149;0.8687885558721925;1.0395739909217505;1.7096863724673885;3.6180489192613314;1.075422198
100.0;269.0;2712.039622641509;4.922233333333334;269.0;0.004749128812409412;0.017111111111111115;0.03377777777777778;0.005665452101677149;0.8687885558721925;1.0395739909217505;1.7096863724673885;3.6180489192613314;0.591859962
100.0;269.0;2712.039622641509;4.922233333333334;269.0;0.004749128812409412;0.016444444444444442;0.03411111111111111;0.005665452101677149;0.8687885558721925;1.0395739909217505;1.7096863724673885;3.6180489192613314;0.542995887
100.0;269.0;2712.039622641509;4.922233333333334;269.0;0.004749128812409412;0.017;0.03555555555555555;0.005665452101677149;0.8687885558721925;1.0395739909217505;1.7096863724673885;3.6180489192613314;0.518181306
100.0;269.0;2712.039622641509;4.922233333333334;269.0;0.004749128812409412;0.01522222222222222;0.03044444444444444;0.005665452101677149;0.8687885558721925;1.0395739909217505;1.7096863724673885;3.6180489192613314;0.457995907
