#NB_PM;NB_VM;sim_time;cpu_energy;nb_mig;all_sla;vm_realloc_mean;exe_time_mean;strg_egy;egy_cost;wo_cost;sla_cost;all_cost;all_time
100.0;269.0;2712.039622641509;4.619202777777778;269.0;0.0038443056222969723;0.035333333333333335;0.05733333333333332;0.005619361006289309;0.815356143067631;1.0005343630459487;1.38395002402691;3.1998405301404897;1.171406482
100.0;269.0;2712.039622641509;4.619202777777778;269.0;0.0038443056222969723;0.028;0.04611111111111112;0.005619361006289309;0.815356143067631;1.0005343630459487;1.38395002402691;3.1998405301404897;0.680325693
100.0;269.0;2712.039622641509;4.619202777777778;269.0;0.0038443056222969723;0.027444444444444438;0.04577777777777778;0.005619361006289309;0.815356143067631;1.0005343630459487;1.38395002402691;3.1998405301404897;0.641072817
100.0;269.0;2712.039622641509;4.619202777777778;269.0;0.0038443056222969723;0.025444444444444447;0.04166666666666668;0.005619361006289309;0.815356143067631;1.0005343630459487;1.38395002402691;3.1998405301404897;0.588785562
100.0;269.0;2712.039622641509;4.619202777777778;269.0;0.0038443056222969723;0.0251111111111111;0.04066666666666668;0.005619361006289309;0.815356143067631;1.0005343630459487;1.38395002402691;3.1998405301404897;0.546769444
