#NB_PM;NB_VM;sim_time;cpu_energy;nb_mig;all_sla;vm_realloc_mean;exe_time_mean;strg_egy;egy_cost;wo_cost;sla_cost;all_cost;all_time
100.0;269.0;2741.820754716981;4.3857333333333335;205.0;0.003903747355826984;0.016333333333333335;0.028;0.00767615931341719;0.7745580935536223;1.2195956266442365;1.4053490480977142;3.399502768295573;1.063604627
100.0;269.0;2741.820754716981;4.3857333333333335;205.0;0.003903747355826984;0.013111111111111113;0.020777777777777784;0.00767615931341719;0.7745580935536223;1.2195956266442365;1.4053490480977142;3.399502768295573;0.510484658
100.0;269.0;2741.820754716981;4.3857333333333335;205.0;0.003903747355826984;0.012888888888888887;0.020888888888888887;0.00767615931341719;0.7745580935536223;1.2195956266442365;1.4053490480977142;3.399502768295573;0.448048875
100.0;269.0;2741.820754716981;4.3857333333333335;205.0;0.003903747355826984;0.011111111111111112;0.01866666666666667;0.00767615931341719;0.7745580935536223;1.2195956266442365;1.4053490480977142;3.399502768295573;0.432293137
100.0;269.0;2741.820754716981;4.3857333333333335;205.0;0.003903747355826984;0.012222222222222225;0.019222222222222227;0.00767615931341719;0.7745580935536223;1.2195956266442365;1.4053490480977142;3.399502768295573;0.386013836
