#NB_PM;NB_VM;sim_time;cpu_energy;nb_mig;all_sla;vm_realloc_mean;exe_time_mean;strg_egy;egy_cost;wo_cost;sla_cost;all_cost;all_time
20.0;40.0;2710.407547169811;0.5932166666666666;15.0;8.58085808580858E-4;1.1111111111111112E-4;0.001444444444444445;0.001035184926624738;0.10476660143589726;0.5290399503847909;0.3089108910891089;0.9427174429097971;0.203884884
20.0;40.0;2710.407547169811;0.5932166666666666;15.0;8.58085808580858E-4;0.0;8.888888888888889E-4;0.001035184926624738;0.10476660143589726;0.5290399503847909;0.3089108910891089;0.9427174429097971;0.084769594
20.0;40.0;2710.407547169811;0.5932166666666666;15.0;8.58085808580858E-4;0.0;6.666666666666666E-4;0.001035184926624738;0.10476660143589726;0.5290399503847909;0.3089108910891089;0.9427174429097971;0.061840482
20.0;40.0;2710.407547169811;0.5932166666666666;15.0;8.58085808580858E-4;0.0;2.2222222222222223E-4;0.001035184926624738;0.10476660143589726;0.5290399503847909;0.3089108910891089;0.9427174429097971;0.045086389
20.0;40.0;2710.407547169811;0.5932166666666666;15.0;8.58085808580858E-4;0.0;5.555555555555556E-4;0.001035184926624738;0.10476660143589726;0.5290399503847909;0.3089108910891089;0.9427174429097971;0.035970047
