#NB_PM;NB_VM;sim_time;cpu_energy;nb_mig;all_sla;vm_realloc_mean;exe_time_mean;strg_egy;egy_cost;wo_cost;sla_cost;all_cost;all_time
20.0;15.0;5115.115094339623;0.6170989974937343;14.0;7.698291354845631E-4;4.7058823529411766E-4;0.0016470588235294125;0.001726985613207547;0.10909902082175385;0.3853647560087033;0.2771384887744427;0.7716022656048999;0.190849993
20.0;15.0;5115.115094339623;0.6170989974937343;14.0;7.698291354845631E-4;2.3529411764705883E-4;0.0011764705882352947;0.001726985613207547;0.10909902082175385;0.3853647560087033;0.2771384887744427;0.7716022656048999;0.07737351
20.0;15.0;5115.115094339623;0.6170989974937343;14.0;7.698291354845631E-4;2.9411764705882356E-4;9.411764705882355E-4;0.001726985613207547;0.10909902082175385;0.3853647560087033;0.2771384887744427;0.7716022656048999;0.05310315
20.0;15.0;5115.115094339623;0.6170989974937343;14.0;7.698291354845631E-4;2.9411764705882356E-4;6.470588235294119E-4;0.001726985613207547;0.10909902082175385;0.3853647560087033;0.2771384887744427;0.7716022656048999;0.038945067
20.0;15.0;5115.115094339623;0.6170989974937343;14.0;7.698291354845631E-4;1.7647058823529413E-4;4.1176470588235296E-4;0.001726985613207547;0.10909902082175385;0.3853647560087033;0.2771384887744427;0.7716022656048999;0.030429404
