#NB_PM;NB_VM;sim_time;cpu_energy;nb_mig;all_sla;vm_realloc_mean;exe_time_mean;strg_egy;egy_cost;wo_cost;sla_cost;all_cost;all_time
20.0;25.0;2708.9207547169813;0.35784814814814814;13.0;0.0014523988005997002;1.1111111111111112E-4;0.0015555555555555561;0.0010462931656184489;0.06327309000361706;0.3471464641930506;0.5228635682158921;0.9332831224125597;0.170887378
20.0;25.0;2708.9207547169813;0.35784814814814814;13.0;0.0014523988005997002;0.0;7.777777777777778E-4;0.0010462931656184489;0.06327309000361706;0.3471464641930506;0.5228635682158921;0.9332831224125597;0.05398885
20.0;25.0;2708.9207547169813;0.35784814814814814;13.0;0.0014523988005997002;0.0;3.333333333333333E-4;0.0010462931656184489;0.06327309000361706;0.3471464641930506;0.5228635682158921;0.9332831224125597;0.042283947
20.0;25.0;2708.9207547169813;0.35784814814814814;13.0;0.0014523988005997002;1.1111111111111112E-4;5.555555555555556E-4;0.0010462931656184489;0.06327309000361706;0.3471464641930506;0.5228635682158921;0.9332831224125597;0.034966232
20.0;25.0;2708.9207547169813;0.35784814814814814;13.0;0.0014523988005997002;1.1111111111111112E-4;4.4444444444444447E-4;0.0010462931656184489;0.06327309000361706;0.3471464641930506;0.5228635682158921;0.9332831224125597;0.029175218
