#NB_PM;NB_VM;sim_time;cpu_energy;nb_mig;all_sla;vm_realloc_mean;exe_time_mean;strg_egy;egy_cost;wo_cost;sla_cost;all_cost;all_time
100.0;269.0;2712.039622641509;4.344930555555556;269.0;0.004426783784725853;0.02888888888888889;0.06444444444444446;0.006146896546121592;0.7670949548055259;1.0396864783160356;1.593642162501307;3.4004235956228683;1.24265528
100.0;269.0;2712.039622641509;4.344930555555556;269.0;0.004426783784725853;0.03077777777777778;0.06711111111111111;0.006146896546121592;0.7670949548055259;1.0396864783160356;1.593642162501307;3.4004235956228683;0.938519327
100.0;269.0;2712.039622641509;4.344930555555556;269.0;0.004426783784725853;0.022777777777777786;0.05388888888888889;0.006146896546121592;0.7670949548055259;1.0396864783160356;1.593642162501307;3.4004235956228683;0.738448195
100.0;269.0;2712.039622641509;4.344930555555556;269.0;0.004426783784725853;0.019555555555555562;0.047222222222222214;0.006146896546121592;0.7670949548055259;1.0396864783160356;1.593642162501307;3.4004235956228683;0.617516587
100.0;269.0;2712.039622641509;4.344930555555556;269.0;0.004426783784725853;0.020111111111111118;0.047888888888888884;0.006146896546121592;0.7670949548055259;1.0396864783160356;1.593642162501307;3.4004235956228683;0.613817149
