#NB_PM;NB_VM;sim_time;cpu_energy;nb_mig;all_sla;vm_realloc_mean;exe_time_mean;strg_egy;egy_cost;wo_cost;sla_cost;all_cost;all_time
20.0;35.0;2708.4924528301885;0.7106259259259259;13.0;5.118198394165254E-4;1.1111111111111112E-4;0.001444444444444445;8.616768396226415E-4;0.12543526436756622;0.46520141652635516;0.18425514218994915;0.7748918230838706;0.205553456
20.0;35.0;2708.4924528301885;0.7106259259259259;13.0;5.118198394165254E-4;0.0;0.0011111111111111113;8.616768396226415E-4;0.12543526436756622;0.46520141652635516;0.18425514218994915;0.7748918230838706;0.065445461
20.0;35.0;2708.4924528301885;0.7106259259259259;13.0;5.118198394165254E-4;0.0;3.333333333333333E-4;8.616768396226415E-4;0.12543526436756622;0.46520141652635516;0.18425514218994915;0.7748918230838706;0.046342325
20.0;35.0;2708.4924528301885;0.7106259259259259;13.0;5.118198394165254E-4;0.0;4.4444444444444447E-4;8.616768396226415E-4;0.12543526436756622;0.46520141652635516;0.18425514218994915;0.7748918230838706;0.043357364
20.0;35.0;2708.4924528301885;0.7106259259259259;13.0;5.118198394165254E-4;0.0;6.666666666666666E-4;8.616768396226415E-4;0.12543526436756622;0.46520141652635516;0.18425514218994915;0.7748918230838706;0.033916728
