#NB_PM;NB_VM;sim_time;cpu_energy;nb_mig;all_sla;vm_realloc_mean;exe_time_mean;strg_egy;egy_cost;wo_cost;sla_cost;all_cost;all_time
100.0;267.0;2710.407547169811;3.3597981481481476;118.0;0.0012413265204099515;2.2222222222222223E-4;0.02055555555555556;0.005696157914046122;0.5933366461587648;0.7119479056771806;0.44687754734758256;1.7521620991835278;0.792044508
100.0;267.0;2710.407547169811;3.3597981481481476;118.0;0.0012413265204099515;0.0;0.014333333333333333;0.005696157914046122;0.5933366461587648;0.7119479056771806;0.44687754734758256;1.7521620991835278;0.420613523
100.0;267.0;2710.407547169811;3.3597981481481476;118.0;0.0012413265204099515;1.1111111111111112E-4;0.011222222222222224;0.005696157914046122;0.5933366461587648;0.7119479056771806;0.44687754734758256;1.7521620991835278;0.336234514
100.0;267.0;2710.407547169811;3.3597981481481476;118.0;0.0012413265204099515;0.0;0.010888888888888889;0.005696157914046122;0.5933366461587648;0.7119479056771806;0.44687754734758256;1.7521620991835278;0.279104679
100.0;267.0;2710.407547169811;3.3597981481481476;118.0;0.0012413265204099515;0.0;0.012444444444444445;0.005696157914046122;0.5933366461587648;0.7119479056771806;0.44687754734758256;1.7521620991835278;0.322320363
