#NB_PM;NB_VM;sim_time;cpu_energy;nb_mig;all_sla;vm_realloc_mean;exe_time_mean;strg_egy;egy_cost;wo_cost;sla_cost;all_cost;all_time
100.0;267.0;2710.407547169811;3.3597981481481476;118.0;0.0012413265204099515;2.2222222222222223E-4;0.024333333333333335;0.005696157914046122;0.5933366461587648;0.7119479056771806;0.44687754734758256;1.7521620991835278;0.939669583
100.0;267.0;2710.407547169811;3.3597981481481476;118.0;0.0012413265204099515;1.1111111111111112E-4;0.019222222222222224;0.005696157914046122;0.5933366461587648;0.7119479056771806;0.44687754734758256;1.7521620991835278;0.497984358
100.0;267.0;2710.407547169811;3.3597981481481476;118.0;0.0012413265204099515;1.1111111111111112E-4;0.012000000000000002;0.005696157914046122;0.5933366461587648;0.7119479056771806;0.44687754734758256;1.7521620991835278;0.371982533
100.0;267.0;2710.407547169811;3.3597981481481476;118.0;0.0012413265204099515;1.1111111111111112E-4;0.011333333333333334;0.005696157914046122;0.5933366461587648;0.7119479056771806;0.44687754734758256;1.7521620991835278;0.282403719
100.0;267.0;2710.407547169811;3.3597981481481476;118.0;0.0012413265204099515;2.2222222222222223E-4;0.012666666666666666;0.005696157914046122;0.5933366461587648;0.7119479056771806;0.44687754734758256;1.7521620991835278;0.321189664
