#NB_PM;NB_VM;sim_time;cpu_energy;nb_mig;all_sla;vm_realloc_mean;exe_time_mean;strg_egy;egy_cost;wo_cost;sla_cost;all_cost;all_time
20.0;25.0;5115.118867924529;1.0653028404344191;24.0;7.883595217969746E-4;2.9411764705882356E-4;0.00223529411764706;0.0015992664046121593;0.18809484143572122;0.715711133499655;0.2838094278469109;1.1876154027822872;0.233879529
20.0;25.0;5115.118867924529;1.0653028404344191;24.0;7.883595217969746E-4;1.7647058823529413E-4;0.0011764705882352944;0.0015992664046121593;0.18809484143572122;0.715711133499655;0.2838094278469109;1.1876154027822872;0.072798635
20.0;25.0;5115.118867924529;1.0653028404344191;24.0;7.883595217969746E-4;1.1764705882352942E-4;8.823529411764709E-4;0.0015992664046121593;0.18809484143572122;0.715711133499655;0.2838094278469109;1.1876154027822872;0.058744657
20.0;25.0;5115.118867924529;1.0653028404344191;24.0;7.883595217969746E-4;1.1764705882352942E-4;0.0012941176470588238;0.0015992664046121593;0.18809484143572122;0.715711133499655;0.2838094278469109;1.1876154027822872;0.061972616
20.0;25.0;5115.118867924529;1.0653028404344191;24.0;7.883595217969746E-4;0.0;5.882352941176472E-4;0.0015992664046121593;0.18809484143572122;0.715711133499655;0.2838094278469109;1.1876154027822872;0.048867832
