#NB_PM;NB_VM;sim_time;cpu_energy;nb_mig;all_sla;vm_realloc_mean;exe_time_mean;strg_egy;egy_cost;wo_cost;sla_cost;all_cost;all_time
20.0;45.0;5052.811444988488;1.8254093567251468;41.0;9.380783039544264E-4;5.294117647058824E-4;0.003000000000000001;0.0015245920859538783;0.3220884551753971;1.3260351033101814;0.3377081894235935;1.985831747909172;0.299191078
20.0;45.0;5052.811444988488;1.8254093567251468;41.0;9.380783039544264E-4;2.3529411764705883E-4;0.001823529411764706;0.0015245920859538783;0.3220884551753971;1.3260351033101814;0.3377081894235935;1.985831747909172;0.105678384
20.0;45.0;5052.811444988488;1.8254093567251468;41.0;9.380783039544264E-4;1.1764705882352942E-4;0.0012941176470588238;0.0015245920859538783;0.3220884551753971;1.3260351033101814;0.3377081894235935;1.985831747909172;0.079819527
20.0;45.0;5052.811444988488;1.8254093567251468;41.0;9.380783039544264E-4;5.882352941176471E-5;0.001235294117647059;0.0015245920859538783;0.3220884551753971;1.3260351033101814;0.3377081894235935;1.985831747909172;0.083470669
20.0;45.0;5052.811444988488;1.8254093567251468;41.0;9.380783039544264E-4;1.7647058823529413E-4;9.411764705882358E-4;0.0015245920859538783;0.3220884551753971;1.3260351033101814;0.3377081894235935;1.985831747909172;0.065836726
