#NB_PM;NB_VM;sim_time;cpu_energy;nb_mig;all_sla;vm_realloc_mean;exe_time_mean;strg_egy;egy_cost;wo_cost;sla_cost;all_cost;all_time
100.0;267.0;2710.407547169811;3.3597981481481476;118.0;0.0012413265204099515;1.1111111111111112E-4;0.021;0.005696157914046122;0.5933366461587648;0.7119479056771806;0.44687754734758256;1.7521620991835278;0.852376401
100.0;267.0;2710.407547169811;3.3597981481481476;118.0;0.0012413265204099515;0.0;0.012555555555555556;0.005696157914046122;0.5933366461587648;0.7119479056771806;0.44687754734758256;1.7521620991835278;0.363633461
100.0;267.0;2710.407547169811;3.3597981481481476;118.0;0.0012413265204099515;0.0;0.010777777777777778;0.005696157914046122;0.5933366461587648;0.7119479056771806;0.44687754734758256;1.7521620991835278;0.318562661
100.0;267.0;2710.407547169811;3.3597981481481476;118.0;0.0012413265204099515;0.0;0.011111111111111112;0.005696157914046122;0.5933366461587648;0.7119479056771806;0.44687754734758256;1.7521620991835278;0.274274443
100.0;267.0;2710.407547169811;3.3597981481481476;118.0;0.0012413265204099515;1.1111111111111112E-4;0.013111111111111112;0.005696157914046122;0.5933366461587648;0.7119479056771806;0.44687754734758256;1.7521620991835278;0.306575074
