#NB_PM;NB_VM;sim_time;cpu_energy;nb_mig;all_sla;vm_realloc_mean;exe_time_mean;strg_egy;egy_cost;wo_cost;sla_cost;all_cost;all_time
20.0;30.0;2561.83734179705;0.47506296296296296;13.0;0.0011312647349608336;1.1111111111111112E-4;0.001444444444444445;9.740015602218832E-4;0.0839253168454375;0.4063769965833973;0.4072553045859001;0.8975576180147349;0.185906501
20.0;30.0;2561.83734179705;0.47506296296296296;13.0;0.0011312647349608336;0.0;8.888888888888889E-4;9.740015602218832E-4;0.0839253168454375;0.4063769965833973;0.4072553045859001;0.8975576180147349;0.059764636
20.0;30.0;2561.83734179705;0.47506296296296296;13.0;0.0011312647349608336;0.0;6.666666666666666E-4;9.740015602218832E-4;0.0839253168454375;0.4063769965833973;0.4072553045859001;0.8975576180147349;0.045031034
20.0;30.0;2561.83734179705;0.47506296296296296;13.0;0.0011312647349608336;1.1111111111111112E-4;5.555555555555556E-4;9.740015602218832E-4;0.0839253168454375;0.4063769965833973;0.4072553045859001;0.8975576180147349;0.042446845
20.0;30.0;2561.83734179705;0.47506296296296296;13.0;0.0011312647349608336;1.1111111111111112E-4;6.666666666666666E-4;9.740015602218832E-4;0.0839253168454375;0.4063769965833973;0.4072553045859001;0.8975576180147349;0.040464431
