#NB_PM;NB_VM;sim_time;cpu_energy;nb_mig;all_sla;vm_realloc_mean;exe_time_mean;strg_egy;egy_cost;wo_cost;sla_cost;all_cost;all_time
20.0;50.0;2741.820754716981;0.9715203703703704;31.0;0.0021616223048560547;7.777777777777778E-4;0.0032222222222222227;0.0013797991771488467;0.17152229989122766;1.1339127365773827;0.7781840297481797;2.08361906621679;0.302672155
20.0;50.0;2741.820754716981;0.9715203703703704;31.0;0.0021616223048560547;4.4444444444444447E-4;0.001444444444444445;0.0013797991771488467;0.17152229989122766;1.1339127365773827;0.7781840297481797;2.08361906621679;0.099301483
20.0;50.0;2741.820754716981;0.9715203703703704;31.0;0.0021616223048560547;3.333333333333333E-4;0.0014444444444444446;0.0013797991771488467;0.17152229989122766;1.1339127365773827;0.7781840297481797;2.08361906621679;0.091099116
20.0;50.0;2741.820754716981;0.9715203703703704;31.0;0.0021616223048560547;4.4444444444444447E-4;8.888888888888889E-4;0.0013797991771488467;0.17152229989122766;1.1339127365773827;0.7781840297481797;2.08361906621679;0.087454079
20.0;50.0;2741.820754716981;0.9715203703703704;31.0;0.0021616223048560547;3.333333333333333E-4;0.0011111111111111113;0.0013797991771488467;0.17152229989122766;1.1339127365773827;0.7781840297481797;2.08361906621679;0.078672958
