#NB_PM;NB_VM;sim_time;cpu_energy;nb_mig;all_sla;vm_realloc_mean;exe_time_mean;strg_egy;egy_cost;wo_cost;sla_cost;all_cost;all_time
20.0;5.0;2708.258490566038;0.05057777777777778;4.0;0.0023148148148148147;1.1111111111111112E-4;0.0013333333333333337;0.001049536818658281;0.009101895563351678;0.07319686917182988;0.8333333333333333;0.9156320980685149;0.154265634
20.0;5.0;2708.258490566038;0.05057777777777778;4.0;0.0023148148148148147;0.0;4.4444444444444447E-4;0.001049536818658281;0.009101895563351678;0.07319686917182988;0.8333333333333333;0.9156320980685149;0.023999292
20.0;5.0;2708.258490566038;0.05057777777777778;4.0;0.0023148148148148147;0.0;6.666666666666666E-4;0.001049536818658281;0.009101895563351678;0.07319686917182988;0.8333333333333333;0.9156320980685149;0.021612829
20.0;5.0;2708.258490566038;0.05057777777777778;4.0;0.0023148148148148147;0.0;3.333333333333333E-4;0.001049536818658281;0.009101895563351678;0.07319686917182988;0.8333333333333333;0.9156320980685149;0.019444022
20.0;5.0;2708.258490566038;0.05057777777777778;4.0;0.0023148148148148147;0.0;4.4444444444444447E-4;0.001049536818658281;0.009101895563351678;0.07319686917182988;0.8333333333333333;0.9156320980685149;0.017373025
