#NB_PM;NB_VM;sim_time;cpu_energy;nb_mig;all_sla;vm_realloc_mean;exe_time_mean;strg_egy;egy_cost;wo_cost;sla_cost;all_cost;all_time
20.0;15.0;2709.516981132075;0.23070185185185185;9.0;0.0012370670265407107;1.1111111111111112E-4;0.001;0.0010067704874213838;0.04085023011841387;0.20569878705079075;0.44534412955465585;0.6918931467238605;0.153054827
20.0;15.0;2709.516981132075;0.23070185185185185;9.0;0.0012370670265407107;0.0;5.555555555555556E-4;0.0010067704874213838;0.04085023011841387;0.20569878705079075;0.44534412955465585;0.6918931467238605;0.041856495
20.0;15.0;2709.516981132075;0.23070185185185185;9.0;0.0012370670265407107;0.0;5.555555555555556E-4;0.0010067704874213838;0.04085023011841387;0.20569878705079075;0.44534412955465585;0.6918931467238605;0.035666007
20.0;15.0;2709.516981132075;0.23070185185185185;9.0;0.0012370670265407107;0.0;3.333333333333333E-4;0.0010067704874213838;0.04085023011841387;0.20569878705079075;0.44534412955465585;0.6918931467238605;0.03177922
20.0;15.0;2709.516981132075;0.23070185185185185;9.0;0.0012370670265407107;0.0;6.666666666666666E-4;0.0010067704874213838;0.04085023011841387;0.20569878705079075;0.44534412955465585;0.6918931467238605;0.03407287
