#NB_PM;NB_VM;sim_time;cpu_energy;nb_mig;all_sla;vm_realloc_mean;exe_time_mean;strg_egy;egy_cost;wo_cost;sla_cost;all_cost;all_time
100.0;267.0;2710.407547169811;3.3597981481481476;118.0;0.0012413265204099515;1.1111111111111112E-4;0.01977777777777778;0.005696157914046122;0.5933366461587648;0.7119479056771806;0.44687754734758256;1.7521620991835278;0.788424461
100.0;267.0;2710.407547169811;3.3597981481481476;118.0;0.0012413265204099515;1.1111111111111112E-4;0.012111111111111112;0.005696157914046122;0.5933366461587648;0.7119479056771806;0.44687754734758256;1.7521620991835278;0.373644938
100.0;267.0;2710.407547169811;3.3597981481481476;118.0;0.0012413265204099515;1.1111111111111112E-4;0.010666666666666666;0.005696157914046122;0.5933366461587648;0.7119479056771806;0.44687754734758256;1.7521620991835278;0.327243057
100.0;267.0;2710.407547169811;3.3597981481481476;118.0;0.0012413265204099515;1.1111111111111112E-4;0.010222222222222223;0.005696157914046122;0.5933366461587648;0.7119479056771806;0.44687754734758256;1.7521620991835278;0.264806092
100.0;267.0;2710.407547169811;3.3597981481481476;118.0;0.0012413265204099515;0.0;0.012222222222222223;0.005696157914046122;0.5933366461587648;0.7119479056771806;0.44687754734758256;1.7521620991835278;0.31680644
