#NB_PM;NB_VM;sim_time;cpu_energy;nb_mig;all_sla;vm_realloc_mean;exe_time_mean;strg_egy;egy_cost;wo_cost;sla_cost;all_cost;all_time
100.0;269.0;2712.039622641509;5.015547222222223;269.0;0.004446057526540242;0.025888888888888892;0.0481111111111111;0.006453299999999999;0.885378692067778;1.1728531977009984;1.600580709554487;3.658812599323263;1.143024147
100.0;269.0;2712.039622641509;5.015547222222223;269.0;0.004446057526540242;0.019333333333333338;0.03844444444444444;0.006453299999999999;0.885378692067778;1.1728531977009984;1.600580709554487;3.658812599323263;0.676369554
100.0;269.0;2712.039622641509;5.015547222222223;269.0;0.004446057526540242;0.01866666666666667;0.037111111111111116;0.006453299999999999;0.885378692067778;1.1728531977009984;1.600580709554487;3.658812599323263;0.589882549
100.0;269.0;2712.039622641509;5.015547222222223;269.0;0.004446057526540242;0.018666666666666668;0.03666666666666666;0.006453299999999999;0.885378692067778;1.1728531977009984;1.600580709554487;3.658812599323263;0.542373549
100.0;269.0;2712.039622641509;5.015547222222223;269.0;0.004446057526540242;0.01766666666666667;0.03577777777777778;0.006453299999999999;0.885378692067778;1.1728531977009984;1.600580709554487;3.658812599323263;0.534760429
