#NB_PM;NB_VM;sim_time;cpu_energy;nb_mig;all_sla;vm_realloc_mean;exe_time_mean;strg_egy;egy_cost;wo_cost;sla_cost;all_cost;all_time
20.0;35.0;5112.192452830189;1.4455012531328326;29.0;7.824476239141543E-4;2.9411764705882356E-4;0.002176470588235295;0.0016084229035639415;0.25512543588521674;1.0171606069378667;0.28168114460909555;1.5539671874321792;0.25609355
20.0;35.0;5112.192452830189;1.4455012531328326;29.0;7.824476239141543E-4;3.5294117647058826E-4;0.00111764705882353;0.0016084229035639415;0.25512543588521674;1.0171606069378667;0.28168114460909555;1.5539671874321792;0.08228975
20.0;35.0;5112.192452830189;1.4455012531328326;29.0;7.824476239141543E-4;3.5294117647058826E-4;0.001058823529411765;0.0016084229035639415;0.25512543588521674;1.0171606069378667;0.28168114460909555;1.5539671874321792;0.061748092
20.0;35.0;5112.192452830189;1.4455012531328326;29.0;7.824476239141543E-4;2.9411764705882356E-4;0.0010000000000000002;0.0016084229035639415;0.25512543588521674;1.0171606069378667;0.28168114460909555;1.5539671874321792;0.058138265
20.0;35.0;5112.192452830189;1.4455012531328326;29.0;7.824476239141543E-4;1.1764705882352942E-4;6.470588235294119E-4;0.0016084229035639415;0.25512543588521674;1.0171606069378667;0.28168114460909555;1.5539671874321792;0.052802554
