#NB_PM;NB_VM;sim_time;cpu_energy;nb_mig;all_sla;vm_realloc_mean;exe_time_mean;strg_egy;egy_cost;wo_cost;sla_cost;all_cost;all_time
20.0;20.0;5115.111320754718;0.8332247284878864;20.0;8.698677800974252E-4;5.294117647058824E-4;0.001705882352941177;0.0016814625262054504;0.14719396147578442;0.5563962983654828;0.31315240083507306;1.0167426606763403;0.209957783
20.0;20.0;5115.111320754718;0.8332247284878864;20.0;8.698677800974252E-4;3.5294117647058826E-4;7.647058823529414E-4;0.0016814625262054504;0.14719396147578442;0.5563962983654828;0.31315240083507306;1.0167426606763403;0.066794149
20.0;20.0;5115.111320754718;0.8332247284878864;20.0;8.698677800974252E-4;3.5294117647058826E-4;7.058823529411767E-4;0.0016814625262054504;0.14719396147578442;0.5563962983654828;0.31315240083507306;1.0167426606763403;0.048082418
20.0;20.0;5115.111320754718;0.8332247284878864;20.0;8.698677800974252E-4;4.1176470588235296E-4;0.0011764705882352947;0.0016814625262054504;0.14719396147578442;0.5563962983654828;0.31315240083507306;1.0167426606763403;0.052726412
20.0;20.0;5115.111320754718;0.8332247284878864;20.0;8.698677800974252E-4;2.9411764705882356E-4;6.470588235294119E-4;0.0016814625262054504;0.14719396147578442;0.5563962983654828;0.31315240083507306;1.0167426606763403;0.048395765
