#NB_PM;NB_VM;sim_time;cpu_energy;nb_mig;all_sla;vm_realloc_mean;exe_time_mean;strg_egy;egy_cost;wo_cost;sla_cost;all_cost;all_time
100.0;267.0;2710.407547169811;3.3597981481481476;118.0;0.0012413265204099515;3.333333333333333E-4;0.019333333333333334;0.005696157914046122;0.5933366461587648;0.7119479056771806;0.44687754734758256;1.7521620991835278;0.819182501
100.0;267.0;2710.407547169811;3.3597981481481476;118.0;0.0012413265204099515;1.1111111111111112E-4;0.012222222222222225;0.005696157914046122;0.5933366461587648;0.7119479056771806;0.44687754734758256;1.7521620991835278;0.370204869
100.0;267.0;2710.407547169811;3.3597981481481476;118.0;0.0012413265204099515;0.0;0.010444444444444445;0.005696157914046122;0.5933366461587648;0.7119479056771806;0.44687754734758256;1.7521620991835278;0.310935002
100.0;267.0;2710.407547169811;3.3597981481481476;118.0;0.0012413265204099515;0.0;0.010222222222222223;0.005696157914046122;0.5933366461587648;0.7119479056771806;0.44687754734758256;1.7521620991835278;0.269004208
100.0;267.0;2710.407547169811;3.3597981481481476;118.0;0.0012413265204099515;0.0;0.012333333333333333;0.005696157914046122;0.5933366461587648;0.7119479056771806;0.44687754734758256;1.7521620991835278;0.303985734
