#NB_PM;NB_VM;sim_time;cpu_energy;nb_mig;all_sla;vm_realloc_mean;exe_time_mean;strg_egy;egy_cost;wo_cost;sla_cost;all_cost;all_time
100.0;267.0;2710.407547169811;3.3597981481481476;118.0;0.0012413265204099515;4.4444444444444447E-4;0.021666666666666667;0.005696157914046122;0.5933366461587648;0.7119479056771806;0.44687754734758256;1.7521620991835278;0.860950619
100.0;267.0;2710.407547169811;3.3597981481481476;118.0;0.0012413265204099515;2.2222222222222223E-4;0.016444444444444446;0.005696157914046122;0.5933366461587648;0.7119479056771806;0.44687754734758256;1.7521620991835278;0.459473675
100.0;267.0;2710.407547169811;3.3597981481481476;118.0;0.0012413265204099515;1.1111111111111112E-4;0.017555555555555557;0.005696157914046122;0.5933366461587648;0.7119479056771806;0.44687754734758256;1.7521620991835278;0.468796439
100.0;267.0;2710.407547169811;3.3597981481481476;118.0;0.0012413265204099515;0.0;0.010777777777777778;0.005696157914046122;0.5933366461587648;0.7119479056771806;0.44687754734758256;1.7521620991835278;0.266019866
100.0;267.0;2710.407547169811;3.3597981481481476;118.0;0.0012413265204099515;0.0;0.012777777777777779;0.005696157914046122;0.5933366461587648;0.7119479056771806;0.44687754734758256;1.7521620991835278;0.304530834
