#NB_PM;NB_VM;sim_time;cpu_energy;nb_mig;all_sla;vm_realloc_mean;exe_time_mean;strg_egy;egy_cost;wo_cost;sla_cost;all_cost;all_time
20.0;30.0;5086.564275177167;1.719362990810359;230.0;0.0059839034632129555;1.1764705882352942E-4;0.0024117647058823533;0.0013828084905660378;0.3033674844167531;1.4853448060184062;2.154205246756664;3.9429175371918235;0.306533047
20.0;30.0;5086.564275177167;1.719362990810359;230.0;0.0059839034632129555;5.882352941176471E-5;0.0012941176470588238;0.0013828084905660378;0.3033674844167531;1.4853448060184062;2.154205246756664;3.9429175371918235;0.11513359
20.0;30.0;5086.564275177167;1.719362990810359;230.0;0.0059839034632129555;0.0;9.411764705882358E-4;0.0013828084905660378;0.3033674844167531;1.4853448060184062;2.154205246756664;3.9429175371918235;0.111962548
20.0;30.0;5086.564275177167;1.719362990810359;230.0;0.0059839034632129555;5.882352941176471E-5;8.823529411764707E-4;0.0013828084905660378;0.3033674844167531;1.4853448060184062;2.154205246756664;3.9429175371918235;0.093161361
20.0;30.0;5086.564275177167;1.719362990810359;230.0;0.0059839034632129555;0.0;5.882352941176472E-4;0.0013828084905660378;0.3033674844167531;1.4853448060184062;2.154205246756664;3.9429175371918235;0.072403744
