#NB_PM;NB_VM;sim_time;cpu_energy;nb_mig;all_sla;vm_realloc_mean;exe_time_mean;strg_egy;egy_cost;wo_cost;sla_cost;all_cost;all_time
20.0;50.0;2708.9150943396226;0.73;0.0;0.0;0.0;0.0013333333333333337;9.422238784067085E-4;0.12886511406976311;0.5751965816835733;0.0;0.7040616957533364;0.22181493
20.0;50.0;2708.9150943396226;0.73;0.0;0.0;0.0;4.4444444444444447E-4;9.422238784067085E-4;0.12886511406976311;0.5751965816835733;0.0;0.7040616957533364;0.064498959
20.0;50.0;2708.9150943396226;0.73;0.0;0.0;0.0;6.666666666666666E-4;9.422238784067085E-4;0.12886511406976311;0.5751965816835733;0.0;0.7040616957533364;0.055146028
20.0;50.0;2708.9150943396226;0.73;0.0;0.0;0.0;5.555555555555556E-4;9.422238784067085E-4;0.12886511406976311;0.5751965816835733;0.0;0.7040616957533364;0.050281637
20.0;50.0;2708.9150943396226;0.73;0.0;0.0;0.0;6.666666666666666E-4;9.422238784067085E-4;0.12886511406976311;0.5751965816835733;0.0;0.7040616957533364;0.044417115
