#NB_PM;NB_VM;sim_time;cpu_energy;nb_mig;all_sla;vm_realloc_mean;exe_time_mean;strg_egy;egy_cost;wo_cost;sla_cost;all_cost;all_time
20.0;20.0;5112.092452830189;1.2664014202172102;152.0;0.00590888696599686;4.1176470588235296E-4;0.002352941176470589;0.0012856850104821804;0.22349323665164217;0.8923634809751395;2.1271993077588696;3.243056025385651;0.299411925
20.0;20.0;5112.092452830189;1.2664014202172102;152.0;0.00590888696599686;1.1764705882352942E-4;0.00111764705882353;0.0012856850104821804;0.22349323665164217;0.8923634809751395;2.1271993077588696;3.243056025385651;0.105137462
20.0;20.0;5112.092452830189;1.2664014202172102;152.0;0.00590888696599686;5.882352941176471E-5;8.235294117647062E-4;0.0012856850104821804;0.22349323665164217;0.8923634809751395;2.1271993077588696;3.243056025385651;0.076080647
20.0;20.0;5112.092452830189;1.2664014202172102;152.0;0.00590888696599686;1.1764705882352942E-4;7.647058823529412E-4;0.0012856850104821804;0.22349323665164217;0.8923634809751395;2.1271993077588696;3.243056025385651;0.06728153
20.0;20.0;5112.092452830189;1.2664014202172102;152.0;0.00590888696599686;5.882352941176471E-5;5.882352941176472E-4;0.0012856850104821804;0.22349323665164217;0.8923634809751395;2.1271993077588696;3.243056025385651;0.059290992
