#NB_PM;NB_VM;sim_time;cpu_energy;nb_mig;all_sla;vm_realloc_mean;exe_time_mean;strg_egy;egy_cost;wo_cost;sla_cost;all_cost;all_time
20.0;5.0;2701.8264150943396;0.18666666666666668;0.0;0.0;0.005222222222222222;0.005555555555555556;8.576902253668765E-4;0.03306054412006552;0.06050682029407763;0.0;0.09356736441414315;0.163824748
20.0;5.0;2701.8264150943396;0.18666666666666668;0.0;0.0;0.0;7.777777777777778E-4;8.576902253668765E-4;0.03306054412006552;0.06050682029407763;0.0;0.09356736441414315;0.033201225
20.0;5.0;2701.8264150943396;0.18666666666666668;0.0;0.0;0.0;3.333333333333333E-4;8.576902253668765E-4;0.03306054412006552;0.06050682029407763;0.0;0.09356736441414315;0.032274799
20.0;5.0;2701.8264150943396;0.18666666666666668;0.0;0.0;1.1111111111111112E-4;5.555555555555556E-4;8.576902253668765E-4;0.03306054412006552;0.06050682029407763;0.0;0.09356736441414315;0.027876308
20.0;5.0;2701.8264150943396;0.18666666666666668;0.0;0.0;0.0;4.4444444444444447E-4;8.576902253668765E-4;0.03306054412006552;0.06050682029407763;0.0;0.09356736441414315;0.026894268
