#NB_PM;NB_VM;sim_time;cpu_energy;nb_mig;all_sla;vm_realloc_mean;exe_time_mean;strg_egy;egy_cost;wo_cost;sla_cost;all_cost;all_time
100.0;269.0;2744.8113207547167;3.8205722222222223;2802.0;0.002431515853644382;0.01;0.012888888888888887;0.008088412646750528;0.6749928699273999;1.9889722962616025;0.8753457073119776;3.53931087350098;1.197475034
100.0;269.0;2744.8113207547167;3.8205722222222223;2802.0;0.002431515853644382;0.0058888888888888906;0.007222222222222223;0.008088412646750528;0.6749928699273999;1.9889722962616025;0.8753457073119776;3.53931087350098;0.569243168
100.0;269.0;2744.8113207547167;3.8205722222222223;2802.0;0.002431515853644382;0.004444444444444445;0.005666666666666666;0.008088412646750528;0.6749928699273999;1.9889722962616025;0.8753457073119776;3.53931087350098;0.438448649
100.0;269.0;2744.8113207547167;3.8205722222222223;2802.0;0.002431515853644382;0.004222222222222223;0.005000000000000001;0.008088412646750528;0.6749928699273999;1.9889722962616025;0.8753457073119776;3.53931087350098;0.379504948
100.0;269.0;2744.8113207547167;3.8205722222222223;2802.0;0.002431515853644382;0.0033333333333333335;0.004555555555555557;0.008088412646750528;0.6749928699273999;1.9889722962616025;0.8753457073119776;3.53931087350098;0.348559435
