#NB_PM;NB_VM;sim_time;cpu_energy;nb_mig;all_sla;vm_realloc_mean;exe_time_mean;strg_egy;egy_cost;wo_cost;sla_cost;all_cost;all_time
100.0;269.0;2740.528301886792;4.291516666666666;1066.0;0.0010057831390149665;0.004333333333333333;0.006333333333333334;0.007724397091194971;0.7579561995405111;1.4626416514776774;0.36208193004538797;2.5826797810635767;0.854918353
100.0;269.0;2740.528301886792;4.291516666666666;1066.0;0.0010057831390149665;0.0018888888888888894;0.003111111111111111;0.007724397091194971;0.7579561995405111;1.4626416514776774;0.36208193004538797;2.5826797810635767;0.380580429
100.0;269.0;2740.528301886792;4.291516666666666;1066.0;0.0010057831390149665;0.0022222222222222227;0.0030000000000000005;0.007724397091194971;0.7579561995405111;1.4626416514776774;0.36208193004538797;2.5826797810635767;0.337423376
100.0;269.0;2740.528301886792;4.291516666666666;1066.0;0.0010057831390149665;0.002;0.0028888888888888883;0.007724397091194971;0.7579561995405111;1.4626416514776774;0.36208193004538797;2.5826797810635767;0.301850184
100.0;269.0;2740.528301886792;4.291516666666666;1066.0;0.0010057831390149665;0.002;0.003222222222222222;0.007724397091194971;0.7579561995405111;1.4626416514776774;0.36208193004538797;2.5826797810635767;0.292780319
