#NB_PM;NB_VM;sim_time;cpu_energy;nb_mig;all_sla;vm_realloc_mean;exe_time_mean;strg_egy;egy_cost;wo_cost;sla_cost;all_cost;all_time
20.0;45.0;2559.5109267027105;0.75;0.0;0.0;2.2222222222222223E-4;0.0011111111111111113;8.598242936499075E-4;0.1323765870229705;0.5259168765910877;0.0;0.6582934636140582;0.20408747
20.0;45.0;2559.5109267027105;0.75;0.0;0.0;0.0;5.555555555555556E-4;8.598242936499075E-4;0.1323765870229705;0.5259168765910877;0.0;0.6582934636140582;0.079933634
20.0;45.0;2559.5109267027105;0.75;0.0;0.0;0.0;7.777777777777778E-4;8.598242936499075E-4;0.1323765870229705;0.5259168765910877;0.0;0.6582934636140582;0.060848893
20.0;45.0;2559.5109267027105;0.75;0.0;0.0;0.0;7.777777777777778E-4;8.598242936499075E-4;0.1323765870229705;0.5259168765910877;0.0;0.6582934636140582;0.045612952
20.0;45.0;2559.5109267027105;0.75;0.0;0.0;0.0;5.555555555555556E-4;8.598242936499075E-4;0.1323765870229705;0.5259168765910877;0.0;0.6582934636140582;0.039530456
