#NB_PM;NB_VM;sim_time;cpu_energy;nb_mig;all_sla;vm_realloc_mean;exe_time_mean;strg_egy;egy_cost;wo_cost;sla_cost;all_cost;all_time
100.0;269.0;2743.318867924528;4.367966666666667;1536.0;0.0012982346559038533;0.006777777777777777;0.009111111111111113;0.007656730424528303;0.7714224049071778;1.6503499869451606;0.4673644761253872;2.8891368679777254;0.941141339
100.0;269.0;2743.318867924528;4.367966666666667;1536.0;0.0012982346559038533;0.003666666666666667;0.004666666666666666;0.007656730424528303;0.7714224049071778;1.6503499869451606;0.4673644761253872;2.8891368679777254;0.393494953
100.0;269.0;2743.318867924528;4.367966666666667;1536.0;0.0012982346559038533;0.003222222222222222;0.004222222222222222;0.007656730424528303;0.7714224049071778;1.6503499869451606;0.4673644761253872;2.8891368679777254;0.32546643
100.0;269.0;2743.318867924528;4.367966666666667;1536.0;0.0012982346559038533;0.003111111111111111;0.004111111111111111;0.007656730424528303;0.7714224049071778;1.6503499869451606;0.4673644761253872;2.8891368679777254;0.305317411
100.0;269.0;2743.318867924528;4.367966666666667;1536.0;0.0012982346559038533;0.0025555555555555557;0.0033333333333333327;0.007656730424528303;0.7714224049071778;1.6503499869451606;0.4673644761253872;2.8891368679777254;0.284804383
