#NB_PM;NB_VM;sim_time;cpu_energy;nb_mig;all_sla;vm_realloc_mean;exe_time_mean;strg_egy;egy_cost;wo_cost;sla_cost;all_cost;all_time
20.0;10.0;2703.5471698113206;0.2822222222222222;0.0;0.0;0.0;7.777777777777778E-4;8.17230676100629E-4;0.04989985554597432;0.11964496901736714;0.0;0.16954482456334147;0.156345971
20.0;10.0;2703.5471698113206;0.2822222222222222;0.0;0.0;0.0;2.2222222222222223E-4;8.17230676100629E-4;0.04989985554597432;0.11964496901736714;0.0;0.16954482456334147;0.032793244
20.0;10.0;2703.5471698113206;0.2822222222222222;0.0;0.0;0.0;4.4444444444444447E-4;8.17230676100629E-4;0.04989985554597432;0.11964496901736714;0.0;0.16954482456334147;0.027208503
20.0;10.0;2703.5471698113206;0.2822222222222222;0.0;0.0;0.0;3.333333333333333E-4;8.17230676100629E-4;0.04989985554597432;0.11964496901736714;0.0;0.16954482456334147;0.02586382
20.0;10.0;2703.5471698113206;0.2822222222222222;0.0;0.0;0.0;3.333333333333333E-4;8.17230676100629E-4;0.04989985554597432;0.11964496901736714;0.0;0.16954482456334147;0.032068304
