#NB_PM;NB_VM;sim_time;cpu_energy;nb_mig;all_sla;vm_realloc_mean;exe_time_mean;strg_egy;egy_cost;wo_cost;sla_cost;all_cost;all_time
100.0;269.0;2741.5924528301884;4.302138888888889;1066.0;8.598204596449637E-4;0.004777777777777779;0.006555555555555557;0.007712730424528304;0.7598268404849555;1.4473713294413701;0.3095353654721869;2.5167335353985125;0.867842681
100.0;269.0;2741.5924528301884;4.302138888888889;1066.0;8.598204596449637E-4;0.0021111111111111113;0.0031111111111111114;0.007712730424528304;0.7598268404849555;1.4473713294413701;0.3095353654721869;2.5167335353985125;0.381017286
100.0;269.0;2741.5924528301884;4.302138888888889;1066.0;8.598204596449637E-4;0.0017777777777777783;0.0031111111111111114;0.007712730424528304;0.7598268404849555;1.4473713294413701;0.3095353654721869;2.5167335353985125;0.334082222
100.0;269.0;2741.5924528301884;4.302138888888889;1066.0;8.598204596449637E-4;0.001888888888888889;0.0026666666666666674;0.007712730424528304;0.7598268404849555;1.4473713294413701;0.3095353654721869;2.5167335353985125;0.270577444
100.0;269.0;2741.5924528301884;4.302138888888889;1066.0;8.598204596449637E-4;0.002;0.00288888888888889;0.007712730424528304;0.7598268404849555;1.4473713294413701;0.3095353654721869;2.5167335353985125;0.298212094
