#NB_PM;NB_VM;sim_time;cpu_energy;nb_mig;all_sla;vm_realloc_mean;exe_time_mean;strg_egy;egy_cost;wo_cost;sla_cost;all_cost;all_time
100.0;269.0;2743.318867924528;4.365638888888889;1557.0;0.0013646459996877137;0.005555555555555557;0.007444444444444444;0.007656730424528303;0.7710120176849556;1.658369690909956;0.49127255988757695;2.9206542684824885;0.876760561
100.0;269.0;2743.318867924528;4.365638888888889;1557.0;0.0013646459996877137;0.003888888888888889;0.004999999999999999;0.007656730424528303;0.7710120176849556;1.658369690909956;0.49127255988757695;2.9206542684824885;0.436045213
100.0;269.0;2743.318867924528;4.365638888888889;1557.0;0.0013646459996877137;0.003222222222222222;0.004222222222222223;0.007656730424528303;0.7710120176849556;1.658369690909956;0.49127255988757695;2.9206542684824885;0.379033084
100.0;269.0;2743.318867924528;4.365638888888889;1557.0;0.0013646459996877137;0.0033333333333333327;0.004444444444444445;0.007656730424528303;0.7710120176849556;1.658369690909956;0.49127255988757695;2.9206542684824885;0.354701059
100.0;269.0;2743.318867924528;4.365638888888889;1557.0;0.0013646459996877137;0.002444444444444445;0.003111111111111111;0.007656730424528303;0.7710120176849556;1.658369690909956;0.49127255988757695;2.9206542684824885;0.276298958
