#NB_PM;NB_VM;sim_time;cpu_energy;nb_mig;all_sla;vm_realloc_mean;exe_time_mean;strg_egy;egy_cost;wo_cost;sla_cost;all_cost;all_time
20.0;5.0;2701.8264150943396;0.18166666666666667;0.0;0.0;0.0;6.666666666666666E-4;8.576902253668765E-4;0.03217904412006552;0.06050682029407763;0.0;0.09268586441414314;0.110337293
20.0;5.0;2701.8264150943396;0.18166666666666667;0.0;0.0;2.2222222222222223E-4;5.555555555555556E-4;8.576902253668765E-4;0.03217904412006552;0.06050682029407763;0.0;0.09268586441414314;0.024125324
20.0;5.0;2701.8264150943396;0.18166666666666667;0.0;0.0;0.0;4.4444444444444447E-4;8.576902253668765E-4;0.03217904412006552;0.06050682029407763;0.0;0.09268586441414314;0.021899878
20.0;5.0;2701.8264150943396;0.18166666666666667;0.0;0.0;1.1111111111111112E-4;3.333333333333333E-4;8.576902253668765E-4;0.03217904412006552;0.06050682029407763;0.0;0.09268586441414314;0.021122461
20.0;5.0;2701.8264150943396;0.18166666666666667;0.0;0.0;0.0;2.2222222222222223E-4;8.576902253668765E-4;0.03217904412006552;0.06050682029407763;0.0;0.09268586441414314;0.019185256
