#NB_PM;NB_VM;sim_time;cpu_energy;nb_mig;all_sla;vm_realloc_mean;exe_time_mean;strg_egy;egy_cost;wo_cost;sla_cost;all_cost;all_time
20.0;40.0;2705.467924528302;0.7255555555555555;0.0;0.0;1.1111111111111112E-4;0.0011111111111111113;8.075184800838573E-4;0.12805780995248323;0.4555516126662063;0.0;0.5836094226186895;0.204815905
20.0;40.0;2705.467924528302;0.7255555555555555;0.0;0.0;1.1111111111111112E-4;6.666666666666666E-4;8.075184800838573E-4;0.12805780995248323;0.4555516126662063;0.0;0.5836094226186895;0.074239192
20.0;40.0;2705.467924528302;0.7255555555555555;0.0;0.0;1.1111111111111112E-4;2.2222222222222223E-4;8.075184800838573E-4;0.12805780995248323;0.4555516126662063;0.0;0.5836094226186895;0.041797287
20.0;40.0;2705.467924528302;0.7255555555555555;0.0;0.0;0.0;4.4444444444444447E-4;8.075184800838573E-4;0.12805780995248323;0.4555516126662063;0.0;0.5836094226186895;0.039206316
20.0;40.0;2705.467924528302;0.7255555555555555;0.0;0.0;0.0;7.777777777777778E-4;8.075184800838573E-4;0.12805780995248323;0.4555516126662063;0.0;0.5836094226186895;0.047287187
