#NB_PM;NB_VM;sim_time;cpu_energy;nb_mig;all_sla;vm_realloc_mean;exe_time_mean;strg_egy;egy_cost;wo_cost;sla_cost;all_cost;all_time
2.0;6.0;5112.090566037737;0.20353383458646626;4.0;5.952380952380953E-4;8.823529411764705E-4;0.001705882352941177;1.9319758909853258E-4;0.03591707577255208;1.7705090179705392;0.2142857142857143;2.0207118080288056;0.137052904
2.0;6.0;5112.090566037737;0.20353383458646626;4.0;5.952380952380953E-4;0.0;4.1176470588235296E-4;1.9319758909853258E-4;0.03591707577255208;1.7705090179705392;0.2142857142857143;2.0207118080288056;0.030268923
2.0;6.0;5112.090566037737;0.20353383458646626;4.0;5.952380952380953E-4;1.1764705882352942E-4;4.1176470588235296E-4;1.9319758909853258E-4;0.03591707577255208;1.7705090179705392;0.2142857142857143;2.0207118080288056;0.027175598
2.0;6.0;5112.090566037737;0.20353383458646626;4.0;5.952380952380953E-4;0.0;2.9411764705882356E-4;1.9319758909853258E-4;0.03591707577255208;1.7705090179705392;0.2142857142857143;2.0207118080288056;0.023288219
2.0;6.0;5112.090566037737;0.20353383458646626;4.0;5.952380952380953E-4;5.882352941176471E-5;4.1176470588235296E-4;1.9319758909853258E-4;0.03591707577255208;1.7705090179705392;0.2142857142857143;2.0207118080288056;0.020150771
