#NB_PM;NB_VM;sim_time;cpu_energy;nb_mig;all_sla;vm_realloc_mean;exe_time_mean;strg_egy;egy_cost;wo_cost;sla_cost;all_cost;all_time
100.0;267.0;2706.7603773584906;5.544444444444444;0.0;0.0;1.1111111111111112E-4;0.0021111111111111113;0.0033457742714884707;0.978075415559619;0.6087371094944669;0.0;1.5868125250540859;0.5293576
100.0;267.0;2706.7603773584906;5.544444444444444;0.0;0.0;3.333333333333333E-4;0.001888888888888889;0.0033457742714884707;0.978075415559619;0.6087371094944669;0.0;1.5868125250540859;0.332389887
100.0;267.0;2706.7603773584906;5.544444444444444;0.0;0.0;0.0;0.0011111111111111113;0.0033457742714884707;0.978075415559619;0.6087371094944669;0.0;1.5868125250540859;0.203013529
100.0;267.0;2706.7603773584906;5.544444444444444;0.0;0.0;0.0;0.001;0.0033457742714884707;0.978075415559619;0.6087371094944669;0.0;1.5868125250540859;0.161657241
100.0;267.0;2706.7603773584906;5.544444444444444;0.0;0.0;1.1111111111111112E-4;0.0011111111111111113;0.0033457742714884707;0.978075415559619;0.6087371094944669;0.0;1.5868125250540859;0.187417193
