#NB_PM;NB_VM;sim_time;cpu_energy;nb_mig;all_sla;vm_realloc_mean;exe_time_mean;strg_egy;egy_cost;wo_cost;sla_cost;all_cost;all_time
20.0;45.0;5086.583143101695;1.9732330827067666;281.0;0.006014238849663637;5.882352941176472E-4;0.003588235294117648;0.0019705738469601676;0.34822840465042204;2.23151870679212;2.1651259858789094;4.744873097321451;0.399334499
20.0;45.0;5086.583143101695;1.9732330827067666;281.0;0.006014238849663637;4.1176470588235296E-4;0.0020588235294117657;0.0019705738469601676;0.34822840465042204;2.23151870679212;2.1651259858789094;4.744873097321451;0.180731233
20.0;45.0;5086.583143101695;1.9732330827067666;281.0;0.006014238849663637;3.5294117647058826E-4;0.0014117647058823535;0.0019705738469601676;0.34822840465042204;2.23151870679212;2.1651259858789094;4.744873097321451;0.149037793
20.0;45.0;5086.583143101695;1.9732330827067666;281.0;0.006014238849663637;1.7647058823529413E-4;0.0013529411764705887;0.0019705738469601676;0.34822840465042204;2.23151870679212;2.1651259858789094;4.744873097321451;0.119431681
20.0;45.0;5086.583143101695;1.9732330827067666;281.0;0.006014238849663637;1.7647058823529413E-4;0.0011176470588235299;0.0019705738469601676;0.34822840465042204;2.23151870679212;2.1651259858789094;4.744873097321451;0.117070635
