#NB_PM;NB_VM;sim_time;cpu_energy;nb_mig;all_sla;vm_realloc_mean;exe_time_mean;strg_egy;egy_cost;wo_cost;sla_cost;all_cost;all_time
20.0;10.0;5109.08679245283;0.617997076023392;48.0;0.003930990097561689;1.1764705882352942E-4;0.0016470588235294125;0.0016150385744234798;0.10923761580359488;0.3755461737263978;1.4151564351222081;1.8999402246522008;0.222764559
20.0;10.0;5109.08679245283;0.617997076023392;48.0;0.003930990097561689;0.0;0.0010000000000000002;0.0016150385744234798;0.10923761580359488;0.3755461737263978;1.4151564351222081;1.8999402246522008;0.073135323
20.0;10.0;5109.08679245283;0.617997076023392;48.0;0.003930990097561689;5.882352941176471E-5;7.647058823529414E-4;0.0016150385744234798;0.10923761580359488;0.3755461737263978;1.4151564351222081;1.8999402246522008;0.0579179
20.0;10.0;5109.08679245283;0.617997076023392;48.0;0.003930990097561689;5.882352941176471E-5;5.294117647058824E-4;0.0016150385744234798;0.10923761580359488;0.3755461737263978;1.4151564351222081;1.8999402246522008;0.049866039
20.0;10.0;5109.08679245283;0.617997076023392;48.0;0.003930990097561689;5.882352941176471E-5;2.9411764705882356E-4;0.0016150385744234798;0.10923761580359488;0.3755461737263978;1.4151564351222081;1.8999402246522008;0.044569139
