#NB_PM;NB_VM;sim_time;cpu_energy;nb_mig;all_sla;vm_realloc_mean;exe_time_mean;strg_egy;egy_cost;wo_cost;sla_cost;all_cost;all_time
20.0;15.0;2703.5471698113206;0.4633333333333333;0.0;0.0;2.2222222222222223E-4;0.0013333333333333337;6.629969025157233E-4;0.08180255302058019;0.17371038767523517;0.0;0.25551294069581537;0.195167136
20.0;15.0;2703.5471698113206;0.4633333333333333;0.0;0.0;0.0;2.2222222222222223E-4;6.629969025157233E-4;0.08180255302058019;0.17371038767523517;0.0;0.25551294069581537;0.04099805
20.0;15.0;2703.5471698113206;0.4633333333333333;0.0;0.0;1.1111111111111112E-4;6.666666666666666E-4;6.629969025157233E-4;0.08180255302058019;0.17371038767523517;0.0;0.25551294069581537;0.037746319
20.0;15.0;2703.5471698113206;0.4633333333333333;0.0;0.0;0.0;2.2222222222222223E-4;6.629969025157233E-4;0.08180255302058019;0.17371038767523517;0.0;0.25551294069581537;0.031335923
20.0;15.0;2703.5471698113206;0.4633333333333333;0.0;0.0;0.0;1.1111111111111112E-4;6.629969025157233E-4;0.08180255302058019;0.17371038767523517;0.0;0.25551294069581537;0.023327694
