#NB_PM;NB_VM;sim_time;cpu_energy;nb_mig;all_sla;vm_realloc_mean;exe_time_mean;strg_egy;egy_cost;wo_cost;sla_cost;all_cost;all_time
20.0;40.0;5146.084905660377;1.8890309106098588;243.0;0.005407822879933698;3.5294117647058826E-4;0.002000000000000001;0.0018422935010482177;0.33336094588475296;1.892207223602308;1.946816236776131;4.172384406263192;0.324588327
20.0;40.0;5146.084905660377;1.8890309106098588;243.0;0.005407822879933698;2.3529411764705883E-4;0.0011764705882352944;0.0018422935010482177;0.33336094588475296;1.892207223602308;1.946816236776131;4.172384406263192;0.120497013
20.0;40.0;5146.084905660377;1.8890309106098588;243.0;0.005407822879933698;1.1764705882352942E-4;8.235294117647062E-4;0.0018422935010482177;0.33336094588475296;1.892207223602308;1.946816236776131;4.172384406263192;0.100429336
20.0;40.0;5146.084905660377;1.8890309106098588;243.0;0.005407822879933698;1.7647058823529413E-4;7.647058823529414E-4;0.0018422935010482177;0.33336094588475296;1.892207223602308;1.946816236776131;4.172384406263192;0.097494736
20.0;40.0;5146.084905660377;1.8890309106098588;243.0;0.005407822879933698;0.0;7.058823529411767E-4;0.0018422935010482177;0.33336094588475296;1.892207223602308;1.946816236776131;4.172384406263192;0.083557995
