#NB_PM;NB_VM;sim_time;cpu_energy;nb_mig;all_sla;vm_realloc_mean;exe_time_mean;strg_egy;egy_cost;wo_cost;sla_cost;all_cost;all_time
20.0;30.0;2557.9562097215785;0.6522222222222223;0.0;0.0;2.2222222222222223E-4;8.888888888888889E-4;6.72506631176113E-4;0.11510534069685414;0.3506112510607251;0.0;0.46571659175757923;0.19644712
20.0;30.0;2557.9562097215785;0.6522222222222223;0.0;0.0;1.1111111111111112E-4;7.777777777777778E-4;6.72506631176113E-4;0.11510534069685414;0.3506112510607251;0.0;0.46571659175757923;0.062913075
20.0;30.0;2557.9562097215785;0.6522222222222223;0.0;0.0;1.1111111111111112E-4;6.666666666666666E-4;6.72506631176113E-4;0.11510534069685414;0.3506112510607251;0.0;0.46571659175757923;0.038473086
20.0;30.0;2557.9562097215785;0.6522222222222223;0.0;0.0;0.0;3.333333333333333E-4;6.72506631176113E-4;0.11510534069685414;0.3506112510607251;0.0;0.46571659175757923;0.029538713
20.0;30.0;2557.9562097215785;0.6522222222222223;0.0;0.0;0.0;3.333333333333333E-4;6.72506631176113E-4;0.11510534069685414;0.3506112510607251;0.0;0.46571659175757923;0.031754434
