#NB_PM;NB_VM;sim_time;cpu_energy;nb_mig;all_sla;vm_realloc_mean;exe_time_mean;strg_egy;egy_cost;wo_cost;sla_cost;all_cost;all_time
20.0;30.0;5048.347294045091;1.5236154903387507;0.0;0.0;2.630470588235294;2.6406470588235296;0.0010442849991804464;0.2687975183920773;0.6294377008827435;0.0;0.8982352192748209;45.071570577
20.0;30.0;5048.347294045091;1.5236154903387507;0.0;0.0;2.5807058823529414;2.5876470588235296;0.0010442849991804464;0.2687975183920773;0.6294377008827435;0.0;0.8982352192748209;44.036244417
20.0;30.0;5048.347294045091;1.5236154903387507;0.0;0.0;2.574529411764706;2.581411764705882;0.0010442849991804464;0.2687975183920773;0.6294377008827435;0.0;0.8982352192748209;43.927090262
20.0;30.0;5048.347294045091;1.5236154903387507;0.0;0.0;2.5560000000000005;2.5629411764705883;0.0010442849991804464;0.2687975183920773;0.6294377008827435;0.0;0.8982352192748209;43.605885589
20.0;30.0;5048.347294045091;1.5236154903387507;0.0;0.0;2.5528823529411766;2.560176470588235;0.0010442849991804464;0.2687975183920773;0.6294377008827435;0.0;0.8982352192748209;43.559223075
