#NB_PM;NB_VM;sim_time;cpu_energy;nb_mig;all_sla;vm_realloc_mean;exe_time_mean;strg_egy;egy_cost;wo_cost;sla_cost;all_cost;all_time
10.0;5.0;5106.084905660377;0.3834586466165414;0.0;0.0;5.882352941176471E-5;0.016000000000000007;0.0016193506551362685;0.06788925091899677;0.4622498870442961;0.0;0.5301391379632928;0.423647147
10.0;5.0;5106.084905660377;0.3834586466165414;0.0;0.0;0.0;0.007999999999999997;0.0016193506551362685;0.06788925091899677;0.4622498870442961;0.0;0.5301391379632928;0.171372568
10.0;5.0;5106.084905660377;0.3834586466165414;0.0;0.0;5.882352941176471E-5;0.005941176470588236;0.0016193506551362685;0.06788925091899677;0.4622498870442961;0.0;0.5301391379632928;0.127384316
10.0;5.0;5106.084905660377;0.3834586466165414;0.0;0.0;2.3529411764705883E-4;0.005058823529411765;0.0016193506551362685;0.06788925091899677;0.4622498870442961;0.0;0.5301391379632928;0.109171227
10.0;5.0;5106.084905660377;0.3834586466165414;0.0;0.0;0.0;0.004823529411764706;0.0016193506551362685;0.06788925091899677;0.4622498870442961;0.0;0.5301391379632928;0.102847845
