#NB_PM;NB_VM;sim_time;cpu_energy;nb_mig;all_sla;vm_realloc_mean;exe_time_mean;strg_egy;egy_cost;wo_cost;sla_cost;all_cost;all_time
20.0;20.0;5109.088679245283;0.9674185463659152;0.0;0.0;1.1764705882352942E-4;0.005000000000000001;0.0014578721698113209;0.1708129125878486;0.4364610588604438;0.0;0.6072739714482924;0.246953457
20.0;20.0;5109.088679245283;0.9674185463659152;0.0;0.0;0.0;0.0034117647058823537;0.0014578721698113209;0.1708129125878486;0.4364610588604438;0.0;0.6072739714482924;0.107811316
20.0;20.0;5109.088679245283;0.9674185463659152;0.0;0.0;0.0;0.0035882352941176477;0.0014578721698113209;0.1708129125878486;0.4364610588604438;0.0;0.6072739714482924;0.10203173
20.0;20.0;5109.088679245283;0.9674185463659152;0.0;0.0;1.7647058823529413E-4;0.002058823529411765;0.0014578721698113209;0.1708129125878486;0.4364610588604438;0.0;0.6072739714482924;0.067868048
20.0;20.0;5109.088679245283;0.9674185463659152;0.0;0.0;0.0;0.0015294117647058829;0.0014578721698113209;0.1708129125878486;0.4364610588604438;0.0;0.6072739714482924;0.053766153
