#NB_PM;NB_VM;sim_time;cpu_energy;nb_mig;all_sla;vm_realloc_mean;exe_time_mean;strg_egy;egy_cost;wo_cost;sla_cost;all_cost;all_time
20.0;10.0;5106.084905660377;0.7969924812030076;0.0;0.0;1.1764705882352942E-4;0.00435294117647059;0.001245996593291405;0.1407294436354875;0.22895379422862677;0.0;0.3696832378641143;0.219793981
20.0;10.0;5106.084905660377;0.7969924812030076;0.0;0.0;5.882352941176471E-5;0.002352941176470589;0.001245996593291405;0.1407294436354875;0.22895379422862677;0.0;0.3696832378641143;0.072167694
20.0;10.0;5106.084905660377;0.7969924812030076;0.0;0.0;0.0;0.0018823529411764715;0.001245996593291405;0.1407294436354875;0.22895379422862677;0.0;0.3696832378641143;0.061045639
20.0;10.0;5106.084905660377;0.7969924812030076;0.0;0.0;0.0;0.002000000000000001;0.001245996593291405;0.1407294436354875;0.22895379422862677;0.0;0.3696832378641143;0.048897586
20.0;10.0;5106.084905660377;0.7969924812030076;0.0;0.0;1.1764705882352942E-4;0.0015882352941176477;0.001245996593291405;0.1407294436354875;0.22895379422862677;0.0;0.3696832378641143;0.049520166
