#NB_PM;NB_VM;sim_time;cpu_energy;nb_mig;all_sla;vm_realloc_mean;exe_time_mean;strg_egy;egy_cost;wo_cost;sla_cost;all_cost;all_time
20.0;10.0;5151.919548872181;0.6224498746867168;53.0;0.004993404936875825;2.9411764705882356E-4;0.0010588235294117653;0.06229597301587302;0.12072069294996658;0.04236327900000001;1.797625777275297;1.9607097492252636;0.186415898
20.0;10.0;5151.919548872181;0.6224498746867168;53.0;0.004993404936875825;5.882352941176471E-5;7.647058823529414E-4;0.06229597301587302;0.12072069294996658;0.04236327900000001;1.797625777275297;1.9607097492252636;0.065166195
20.0;10.0;5151.919548872181;0.6224498746867168;53.0;0.004993404936875825;1.7647058823529413E-4;5.294117647058824E-4;0.06229597301587302;0.12072069294996658;0.04236327900000001;1.797625777275297;1.9607097492252636;0.045715897
20.0;10.0;5151.919548872181;0.6224498746867168;53.0;0.004993404936875825;1.7647058823529413E-4;7.647058823529412E-4;0.06229597301587302;0.12072069294996658;0.04236327900000001;1.797625777275297;1.9607097492252636;0.041988352
20.0;10.0;5151.919548872181;0.6224498746867168;53.0;0.004993404936875825;0.0;1.7647058823529413E-4;0.06229597301587302;0.12072069294996658;0.04236327900000001;1.797625777275297;1.9607097492252636;0.032434543
