#NB_PM;NB_VM;sim_time;cpu_energy;nb_mig;all_sla;vm_realloc_mean;exe_time_mean;strg_egy;egy_cost;wo_cost;sla_cost;all_cost;all_time
20.0;30.0;5065.987086923514;1.3789108299422386;180.0;0.004613801222357727;7.647058823529414E-4;0.0015294117647058829;0.03841387042108922;0.2498743446740547;0.13566344549999995;1.6609684400487816;2.0465062302228363;0.292011863
20.0;30.0;5065.987086923514;1.3789108299422386;180.0;0.004613801222357727;3.5294117647058826E-4;0.0010000000000000002;0.03841387042108922;0.2498743446740547;0.13566344549999995;1.6609684400487816;2.0465062302228363;0.102729178
20.0;30.0;5065.987086923514;1.3789108299422386;180.0;0.004613801222357727;5.882352941176471E-5;6.470588235294119E-4;0.03841387042108922;0.2498743446740547;0.13566344549999995;1.6609684400487816;2.0465062302228363;0.08786517
20.0;30.0;5065.987086923514;1.3789108299422386;180.0;0.004613801222357727;5.882352941176471E-5;3.5294117647058826E-4;0.03841387042108922;0.2498743446740547;0.13566344549999995;1.6609684400487816;2.0465062302228363;0.059023958
20.0;30.0;5065.987086923514;1.3789108299422386;180.0;0.004613801222357727;0.0;4.7058823529411766E-4;0.03841387042108922;0.2498743446740547;0.13566344549999995;1.6609684400487816;2.0465062302228363;0.056183832
