#NB_PM;NB_VM;sim_time;cpu_energy;nb_mig;all_sla;vm_realloc_mean;exe_time_mean;strg_egy;egy_cost;wo_cost;sla_cost;all_cost;all_time
20.0;5.0;5151.002255639098;0.2155585199558034;29.0;0.008304696449026348;2.3529411764705883E-4;0.0011176470588235299;0.08476501382623226;0.0529470390057729;0.017478516;2.989690721649485;3.060116276655258;0.1922141
20.0;5.0;5151.002255639098;0.2155585199558034;29.0;0.008304696449026348;1.7647058823529413E-4;7.058823529411767E-4;0.08476501382623226;0.0529470390057729;0.017478516;2.989690721649485;3.060116276655258;0.061409959
20.0;5.0;5151.002255639098;0.2155585199558034;29.0;0.008304696449026348;1.1764705882352942E-4;8.823529411764709E-4;0.08476501382623226;0.0529470390057729;0.017478516;2.989690721649485;3.060116276655258;0.04924689
20.0;5.0;5151.002255639098;0.2155585199558034;29.0;0.008304696449026348;5.882352941176471E-5;3.5294117647058826E-4;0.08476501382623226;0.0529470390057729;0.017478516;2.989690721649485;3.060116276655258;0.038315433
20.0;5.0;5151.002255639098;0.2155585199558034;29.0;0.008304696449026348;5.882352941176471E-5;2.9411764705882356E-4;0.08476501382623226;0.0529470390057729;0.017478516;2.989690721649485;3.060116276655258;0.027285497
