#NB_PM;NB_VM;sim_time;cpu_energy;nb_mig;all_sla;vm_realloc_mean;exe_time_mean;strg_egy;egy_cost;wo_cost;sla_cost;all_cost;all_time
20.0;25.0;5141.919548872181;1.2496832358674463;130.0;0.00207840054050533;2.3529411764705883E-4;0.0016470588235294125;0.03887811701754386;0.2271733665136238;0.09682089749999997;0.7482241945819188;1.0722184585955425;0.273798836
20.0;25.0;5141.919548872181;1.2496832358674463;130.0;0.00207840054050533;1.1764705882352942E-4;8.823529411764709E-4;0.03887811701754386;0.2271733665136238;0.09682089749999997;0.7482241945819188;1.0722184585955425;0.098269254
20.0;25.0;5141.919548872181;1.2496832358674463;130.0;0.00207840054050533;2.3529411764705883E-4;7.058823529411767E-4;0.03887811701754386;0.2271733665136238;0.09682089749999997;0.7482241945819188;1.0722184585955425;0.083147339
20.0;25.0;5141.919548872181;1.2496832358674463;130.0;0.00207840054050533;1.1764705882352942E-4;4.7058823529411766E-4;0.03887811701754386;0.2271733665136238;0.09682089749999997;0.7482241945819188;1.0722184585955425;0.06343611
20.0;25.0;5141.919548872181;1.2496832358674463;130.0;0.00207840054050533;5.882352941176471E-5;3.5294117647058826E-4;0.03887811701754386;0.2271733665136238;0.09682089749999997;0.7482241945819188;1.0722184585955425;0.055116312
