#NB_PM;NB_VM;sim_time;cpu_energy;nb_mig;all_sla;vm_realloc_mean;exe_time_mean;strg_egy;egy_cost;wo_cost;sla_cost;all_cost;all_time
20.0;40.0;1791640.6339622643;680.0835359231669;49770.0;0.022183145326412038;1.4367046215673152E-4;7.627260549229353E-4;0.697907024921378;120.02176839174797;664.494252509206;7.985932317508333;792.5019532184623;14.356384508
20.0;40.0;1791640.6339622643;680.0835359231669;49770.0;0.022183145326412038;1.1687876758204965E-4;6.707970529135439E-4;0.697907024921378;120.02176839174797;664.494252509206;7.985932317508333;792.5019532184623;12.377942673
20.0;40.0;1791640.6339622643;680.0835359231669;49770.0;0.022183145326412038;9.845947756195587E-5;6.669457468184337E-4;0.697907024921378;120.02176839174797;664.494252509206;7.985932317508333;792.5019532184623;12.357115814
20.0;40.0;1791640.6339622643;680.0835359231669;49770.0;0.022183145326412038;1.1671131949095789E-4;6.813462826523254E-4;0.697907024921378;120.02176839174797;664.494252509206;7.985932317508333;792.5019532184623;12.382985549
20.0;40.0;1791640.6339622643;680.0835359231669;49770.0;0.022183145326412038;1.1152042866711327E-4;6.485264567983404E-4;0.697907024921378;120.02176839174797;664.494252509206;7.985932317508333;792.5019532184623;11.991709727
.097248473
