#NB_PM;NB_VM;sim_time;cpu_energy;nb_mig;all_sla;vm_realloc_mean;exe_time_mean;strg_egy;egy_cost;wo_cost;sla_cost;all_cost;all_time
2.0;6.0;5112.111320754718;0.20350877192982456;0.0;0.0;0.0;0.0014117647058823535;1.6107327044025157E-4;0.03590699370880669;1.4166158245653802;0.0;1.452522818274187;0.13069052
2.0;6.0;5112.111320754718;0.20350877192982456;0.0;0.0;0.0;1.7647058823529413E-4;1.6107327044025157E-4;0.03590699370880669;1.4166158245653802;0.0;1.452522818274187;0.024783364
2.0;6.0;5112.111320754718;0.20350877192982456;0.0;0.0;5.882352941176471E-5;2.3529411764705883E-4;1.6107327044025157E-4;0.03590699370880669;1.4166158245653802;0.0;1.452522818274187;0.021540577
2.0;6.0;5112.111320754718;0.20350877192982456;0.0;0.0;0.0;2.3529411764705883E-4;1.6107327044025157E-4;0.03590699370880669;1.4166158245653802;0.0;1.452522818274187;0.02104134
2.0;6.0;5112.111320754718;0.20350877192982456;0.0;0.0;0.0;1.1764705882352942E-4;1.6107327044025157E-4;0.03590699370880669;1.4166158245653802;0.0;1.452522818274187;0.01755633
