#NB_PM;NB_VM;sim_time;cpu_energy;nb_mig;all_sla;vm_realloc_mean;exe_time_mean;strg_egy;egy_cost;wo_cost;sla_cost;all_cost;all_time
20.0;25.0;5143.181132075472;0.991328320802005;35.0;0.006015737795083658;3.5294117647058826E-4;0.0014117647058823535;0.002205971860587002;0.17516009579641498;1.099152738444992;2.165665606230117;3.439978440471524;0.234626548
20.0;25.0;5143.181132075472;0.991328320802005;35.0;0.006015737795083658;1.1764705882352942E-4;8.235294117647062E-4;0.002205971860587002;0.17516009579641498;1.099152738444992;2.165665606230117;3.439978440471524;0.076336002
20.0;25.0;5143.181132075472;0.991328320802005;35.0;0.006015737795083658;1.1764705882352942E-4;5.882352941176472E-4;0.002205971860587002;0.17516009579641498;1.099152738444992;2.165665606230117;3.439978440471524;0.06721189
20.0;25.0;5143.181132075472;0.991328320802005;35.0;0.006015737795083658;1.7647058823529413E-4;4.7058823529411766E-4;0.002205971860587002;0.17516009579641498;1.099152738444992;2.165665606230117;3.439978440471524;0.060415892
20.0;25.0;5143.181132075472;0.991328320802005;35.0;0.006015737795083658;5.882352941176471E-5;2.9411764705882356E-4;0.002205971860587002;0.17516009579641498;1.099152738444992;2.165665606230117;3.439978440471524;0.050529364
