#NB_PM;NB_VM;sim_time;cpu_energy;nb_mig;all_sla;vm_realloc_mean;exe_time_mean;strg_egy;egy_cost;wo_cost;sla_cost;all_cost;all_time
20.0;10.0;5115.115094339623;0.3969924812030075;0.0;0.0;0.0;6.470588235294119E-4;0.0018410082599580717;0.07031434419232084;0.22895379422862677;0.0;0.2992681384209476;0.151359449
20.0;10.0;5115.115094339623;0.3969924812030075;0.0;0.0;0.0;5.882352941176472E-4;0.0018410082599580717;0.07031434419232084;0.22895379422862677;0.0;0.2992681384209476;0.041858651
20.0;10.0;5115.115094339623;0.3969924812030075;0.0;0.0;5.882352941176471E-5;7.058823529411767E-4;0.0018410082599580717;0.07031434419232084;0.22895379422862677;0.0;0.2992681384209476;0.036783482
20.0;10.0;5115.115094339623;0.3969924812030075;0.0;0.0;0.0;2.9411764705882356E-4;0.0018410082599580717;0.07031434419232084;0.22895379422862677;0.0;0.2992681384209476;0.030566106
20.0;10.0;5115.115094339623;0.3969924812030075;0.0;0.0;0.0;1.7647058823529413E-4;0.0018410082599580717;0.07031434419232084;0.22895379422862677;0.0;0.2992681384209476;0.022455523
