#NB_PM;NB_VM;sim_time;cpu_energy;nb_mig;all_sla;vm_realloc_mean;exe_time_mean;strg_egy;egy_cost;wo_cost;sla_cost;all_cost;all_time
20.0;30.0;5085.264275177167;1.240246449456976;35.0;0.0038308811960136436;3.5294117647058826E-4;0.0016470588235294125;0.0020864113477367173;0.2190232833598709;1.2707513768918526;1.3791172305649118;2.868891890816635;0.255981548
20.0;30.0;5085.264275177167;1.240246449456976;35.0;0.0038308811960136436;1.1764705882352942E-4;8.823529411764709E-4;0.0020864113477367173;0.2190232833598709;1.2707513768918526;1.3791172305649118;2.868891890816635;0.078081513
20.0;30.0;5085.264275177167;1.240246449456976;35.0;0.0038308811960136436;1.1764705882352942E-4;4.1176470588235296E-4;0.0020864113477367173;0.2190232833598709;1.2707513768918526;1.3791172305649118;2.868891890816635;0.063060659
20.0;30.0;5085.264275177167;1.240246449456976;35.0;0.0038308811960136436;0.0;3.5294117647058826E-4;0.0020864113477367173;0.2190232833598709;1.2707513768918526;1.3791172305649118;2.868891890816635;0.057988955
20.0;30.0;5085.264275177167;1.240246449456976;35.0;0.0038308811960136436;5.882352941176471E-5;2.9411764705882356E-4;0.0020864113477367173;0.2190232833598709;1.2707513768918526;1.3791172305649118;2.868891890816635;0.054177409
