#NB_PM;NB_VM;sim_time;cpu_energy;nb_mig;all_sla;vm_realloc_mean;exe_time_mean;strg_egy;egy_cost;wo_cost;sla_cost;all_cost;all_time
20.0;35.0;5143.181132075472;1.4653362573099415;52.0;0.006148533796110887;6.470588235294119E-4;0.001705882352941177;0.0021500631394129983;0.2587178382952212;1.5064513826527366;2.213472166599919;3.978641387547877;0.265697973
20.0;35.0;5143.181132075472;1.4653362573099415;52.0;0.006148533796110887;2.3529411764705883E-4;8.235294117647062E-4;0.0021500631394129983;0.2587178382952212;1.5064513826527366;2.213472166599919;3.978641387547877;0.09213847
20.0;35.0;5143.181132075472;1.4653362573099415;52.0;0.006148533796110887;2.9411764705882356E-4;7.647058823529414E-4;0.0021500631394129983;0.2587178382952212;1.5064513826527366;2.213472166599919;3.978641387547877;0.075627808
20.0;35.0;5143.181132075472;1.4653362573099415;52.0;0.006148533796110887;0.0;4.1176470588235296E-4;0.0021500631394129983;0.2587178382952212;1.5064513826527366;2.213472166599919;3.978641387547877;0.066337882
20.0;35.0;5143.181132075472;1.4653362573099415;52.0;0.006148533796110887;1.1764705882352942E-4;4.7058823529411766E-4;0.0021500631394129983;0.2587178382952212;1.5064513826527366;2.213472166599919;3.978641387547877;0.058190373
