#NB_PM;NB_VM;sim_time;cpu_energy;nb_mig;all_sla;vm_realloc_mean;exe_time_mean;strg_egy;egy_cost;wo_cost;sla_cost;all_cost;all_time
10.0;20.0;5146.084905660377;0.9098329156223898;74.0;0.022585306754976837;5.294117647058824E-4;0.0015294117647058829;9.87652583857442E-4;0.1605776661747614;1.8348347625226777;8.13071043179166;10.1261228604891;0.231193659
10.0;20.0;5146.084905660377;0.9098329156223898;74.0;0.022585306754976837;4.7058823529411766E-4;9.411764705882358E-4;9.87652583857442E-4;0.1605776661747614;1.8348347625226777;8.13071043179166;10.1261228604891;0.071359573
10.0;20.0;5146.084905660377;0.9098329156223898;74.0;0.022585306754976837;2.3529411764705883E-4;4.1176470588235296E-4;9.87652583857442E-4;0.1605776661747614;1.8348347625226777;8.13071043179166;10.1261228604891;0.058783918
10.0;20.0;5146.084905660377;0.9098329156223898;74.0;0.022585306754976837;1.1764705882352942E-4;4.7058823529411766E-4;9.87652583857442E-4;0.1605776661747614;1.8348347625226777;8.13071043179166;10.1261228604891;0.047549338
10.0;20.0;5146.084905660377;0.9098329156223898;74.0;0.022585306754976837;2.3529411764705883E-4;4.7058823529411766E-4;9.87652583857442E-4;0.1605776661747614;1.8348347625226777;8.13071043179166;10.1261228604891;0.043408262
