#NB_PM;NB_VM;sim_time;cpu_energy;nb_mig;all_sla;vm_realloc_mean;exe_time_mean;strg_egy;egy_cost;wo_cost;sla_cost;all_cost;all_time
100.0;267.0;2717.364150943396;5.121111111111111;0.0;0.0;0.0;0.004222222222222223;0.009173490104821805;0.9044691751943692;1.2174742189889338;0.0;2.121943394183303;0.490432928
100.0;267.0;2717.364150943396;5.121111111111111;0.0;0.0;0.0;0.002;0.009173490104821805;0.9044691751943692;1.2174742189889338;0.0;2.121943394183303;0.257368028
100.0;267.0;2717.364150943396;5.121111111111111;0.0;0.0;0.0;0.0021111111111111113;0.009173490104821805;0.9044691751943692;1.2174742189889338;0.0;2.121943394183303;0.187939692
100.0;267.0;2717.364150943396;5.121111111111111;0.0;0.0;0.0;0.0027777777777777775;0.009173490104821805;0.9044691751943692;1.2174742189889338;0.0;2.121943394183303;0.204249401
100.0;267.0;2717.364150943396;5.121111111111111;0.0;0.0;0.0;0.002333333333333334;0.009173490104821805;0.9044691751943692;1.2174742189889338;0.0;2.121943394183303;0.213846024
