#NB_PM;NB_VM;sim_time;cpu_energy;nb_mig;all_sla;vm_realloc_mean;exe_time_mean;strg_egy;egy_cost;wo_cost;sla_cost;all_cost;all_time
20.0;35.0;2717.1301886792453;0.64;0.0;0.0;0.0;0.0011111111111111113;9.092503092243187E-4;0.11299230082951625;0.40148619400833824;0.0;0.5144784948378545;0.174678113
20.0;35.0;2717.1301886792453;0.64;0.0;0.0;0.0;6.666666666666666E-4;9.092503092243187E-4;0.11299230082951625;0.40148619400833824;0.0;0.5144784948378545;0.058513367
20.0;35.0;2717.1301886792453;0.64;0.0;0.0;0.0;2.2222222222222223E-4;9.092503092243187E-4;0.11299230082951625;0.40148619400833824;0.0;0.5144784948378545;0.036215675
20.0;35.0;2717.1301886792453;0.64;0.0;0.0;0.0;6.666666666666666E-4;9.092503092243187E-4;0.11299230082951625;0.40148619400833824;0.0;0.5144784948378545;0.031639223
20.0;35.0;2717.1301886792453;0.64;0.0;0.0;0.0;4.4444444444444447E-4;9.092503092243187E-4;0.11299230082951625;0.40148619400833824;0.0;0.5144784948378545;0.034837333
