#NB_PM;NB_VM;sim_time;cpu_energy;nb_mig;all_sla;vm_realloc_mean;exe_time_mean;strg_egy;egy_cost;wo_cost;sla_cost;all_cost;all_time
20.0;15.0;2712.9754716981133;0.27111111111111114;0.0;0.0;0.0;0.001;9.780085691823899E-4;0.047969311799635754;0.17371038767523514;0.0;0.2216796994748709;0.135932859
20.0;15.0;2712.9754716981133;0.27111111111111114;0.0;0.0;0.0;6.666666666666666E-4;9.780085691823899E-4;0.047969311799635754;0.17371038767523514;0.0;0.2216796994748709;0.035012186
20.0;15.0;2712.9754716981133;0.27111111111111114;0.0;0.0;0.0;4.4444444444444447E-4;9.780085691823899E-4;0.047969311799635754;0.17371038767523514;0.0;0.2216796994748709;0.028425609
20.0;15.0;2712.9754716981133;0.27111111111111114;0.0;0.0;0.0;2.2222222222222223E-4;9.780085691823899E-4;0.047969311799635754;0.17371038767523514;0.0;0.2216796994748709;0.028338224
20.0;15.0;2712.9754716981133;0.27111111111111114;0.0;0.0;0.0;6.666666666666666E-4;9.780085691823899E-4;0.047969311799635754;0.17371038767523514;0.0;0.2216796994748709;0.022084129
