#NB_PM;NB_VM;sim_time;cpu_energy;nb_mig;all_sla;vm_realloc_mean;exe_time_mean;strg_egy;egy_cost;wo_cost;sla_cost;all_cost;all_time
100.0;269.0;2745.2622641509433;4.055136111111111;394.0;0.017274517695745117;0.009222222222222222;0.013222222222222222;0.007927414591194967;0.7163180995813164;1.261923450437067;6.218826370468243;8.197067920486626;0.705706938
100.0;269.0;2745.2622641509433;4.055136111111111;394.0;0.017274517695745117;0.004666666666666666;0.006777777777777777;0.007927414591194967;0.7163180995813164;1.261923450437067;6.218826370468243;8.197067920486626;0.353062422
100.0;269.0;2745.2622641509433;4.055136111111111;394.0;0.017274517695745117;0.0030000000000000005;0.0054444444444444445;0.007927414591194967;0.7163180995813164;1.261923450437067;6.218826370468243;8.197067920486626;0.284967498
100.0;269.0;2745.2622641509433;4.055136111111111;394.0;0.017274517695745117;0.0028888888888888883;0.004666666666666666;0.007927414591194967;0.7163180995813164;1.261923450437067;6.218826370468243;8.197067920486626;0.287529041
100.0;269.0;2745.2622641509433;4.055136111111111;394.0;0.017274517695745117;0.003333333333333333;0.005222222222222222;0.007927414591194967;0.7163180995813164;1.261923450437067;6.218826370468243;8.197067920486626;0.253073608
