#NB_PM;NB_VM;sim_time;cpu_energy;nb_mig;all_sla;vm_realloc_mean;exe_time_mean;strg_egy;egy_cost;wo_cost;sla_cost;all_cost;all_time
100.0;269.0;2743.9811320754716;4.805725;547.0;0.023399193593295967;0.010777777777777777;0.01511111111111111;0.00715778209119497;0.8485112344826776;1.3008183379848046;8.423709693586549;10.573039266054032;0.746274249
100.0;269.0;2743.9811320754716;4.805725;547.0;0.023399193593295967;0.004999999999999999;0.007555555555555556;0.00715778209119497;0.8485112344826776;1.3008183379848046;8.423709693586549;10.573039266054032;0.400146583
100.0;269.0;2743.9811320754716;4.805725;547.0;0.023399193593295967;0.005111111111111111;0.0074444444444444445;0.00715778209119497;0.8485112344826776;1.3008183379848046;8.423709693586549;10.573039266054032;0.342787923
100.0;269.0;2743.9811320754716;4.805725;547.0;0.023399193593295967;0.003888888888888889;0.005222222222222222;0.00715778209119497;0.8485112344826776;1.3008183379848046;8.423709693586549;10.573039266054032;0.311468893
100.0;269.0;2743.9811320754716;4.805725;547.0;0.023399193593295967;0.0031111111111111114;0.0047777777777777775;0.00715778209119497;0.8485112344826776;1.3008183379848046;8.423709693586549;10.573039266054032;0.278279636
