#NB_PM;NB_VM;sim_time;cpu_energy;nb_mig;all_sla;vm_realloc_mean;exe_time_mean;strg_egy;egy_cost;wo_cost;sla_cost;all_cost;all_time
100.0;267.0;2717.364150943396;5.121111111111111;0.0;0.0;0.0;0.003444444444444444;0.009173490104821805;0.9044691751943692;1.2174742189889338;0.0;2.121943394183303;0.443444415
100.0;267.0;2717.364150943396;5.121111111111111;0.0;0.0;1.1111111111111112E-4;0.0012222222222222226;0.009173490104821805;0.9044691751943692;1.2174742189889338;0.0;2.121943394183303;0.194725565
100.0;267.0;2717.364150943396;5.121111111111111;0.0;0.0;2.2222222222222223E-4;0.002;0.009173490104821805;0.9044691751943692;1.2174742189889338;0.0;2.121943394183303;0.171586114
100.0;267.0;2717.364150943396;5.121111111111111;0.0;0.0;1.1111111111111112E-4;0.0016666666666666668;0.009173490104821805;0.9044691751943692;1.2174742189889338;0.0;2.121943394183303;0.16260995
100.0;267.0;2717.364150943396;5.121111111111111;0.0;0.0;0.0;0.0013333333333333337;0.009173490104821805;0.9044691751943692;1.2174742189889338;0.0;2.121943394183303;0.159473605
