#NB_PM;NB_VM;sim_time;cpu_energy;nb_mig;all_sla;vm_realloc_mean;exe_time_mean;strg_egy;egy_cost;wo_cost;sla_cost;all_cost;all_time
100.0;269.0;2743.5471698113206;4.698955555555556;430.0;0.017998956687993395;0.008222222222222223;0.012666666666666666;0.007300893202306083;0.8297130119160111;1.271241835656846;6.479624407677623;8.58057925525048;0.72808038
100.0;269.0;2743.5471698113206;4.698955555555556;430.0;0.017998956687993395;0.004222222222222223;0.0071111111111111115;0.007300893202306083;0.8297130119160111;1.271241835656846;6.479624407677623;8.58057925525048;0.362338955
100.0;269.0;2743.5471698113206;4.698955555555556;430.0;0.017998956687993395;0.0034444444444444444;0.00588888888888889;0.007300893202306083;0.8297130119160111;1.271241835656846;6.479624407677623;8.58057925525048;0.313556979
100.0;269.0;2743.5471698113206;4.698955555555556;430.0;0.017998956687993395;0.003111111111111111;0.0047777777777777775;0.007300893202306083;0.8297130119160111;1.271241835656846;6.479624407677623;8.58057925525048;0.293423969
100.0;269.0;2743.5471698113206;4.698955555555556;430.0;0.017998956687993395;0.003111111111111111;0.004444444444444445;0.007300893202306083;0.8297130119160111;1.271241835656846;6.479624407677623;8.58057925525048;0.247184703
