#NB_PM;NB_VM;sim_time;cpu_energy;nb_mig;all_sla;vm_realloc_mean;exe_time_mean;strg_egy;egy_cost;wo_cost;sla_cost;all_cost;all_time
100.0;267.0;2717.364150943396;5.121111111111111;0.0;0.0;0.0;0.0035555555555555557;0.009173490104821805;0.9044691751943692;1.2174742189889338;0.0;2.121943394183303;0.452318015
100.0;267.0;2717.364150943396;5.121111111111111;0.0;0.0;0.0;0.002444444444444445;0.009173490104821805;0.9044691751943692;1.2174742189889338;0.0;2.121943394183303;0.186201253
100.0;267.0;2717.364150943396;5.121111111111111;0.0;0.0;0.0;0.0021111111111111113;0.009173490104821805;0.9044691751943692;1.2174742189889338;0.0;2.121943394183303;0.176624765
100.0;267.0;2717.364150943396;5.121111111111111;0.0;0.0;0.0;0.0030000000000000005;0.009173490104821805;0.9044691751943692;1.2174742189889338;0.0;2.121943394183303;0.16313694
100.0;267.0;2717.364150943396;5.121111111111111;0.0;0.0;0.0;0.0015555555555555557;0.009173490104821805;0.9044691751943692;1.2174742189889338;0.0;2.121943394183303;0.144403004
