#NB_PM;NB_VM;sim_time;cpu_energy;nb_mig;all_sla;vm_realloc_mean;exe_time_mean;strg_egy;egy_cost;wo_cost;sla_cost;all_cost;all_time
20.0;45.0;2570.4467757593143;0.8111111111111111;0.0;0.0;0.0;0.0011111111111111113;8.598242936499074E-4;0.1431504759118594;0.5259168765910875;0.0;0.6690673525029469;0.193862119
20.0;45.0;2570.4467757593143;0.8111111111111111;0.0;0.0;1.1111111111111112E-4;5.555555555555556E-4;8.598242936499074E-4;0.1431504759118594;0.5259168765910875;0.0;0.6690673525029469;0.061092392
20.0;45.0;2570.4467757593143;0.8111111111111111;0.0;0.0;0.0;6.666666666666666E-4;8.598242936499074E-4;0.1431504759118594;0.5259168765910875;0.0;0.6690673525029469;0.040791412
20.0;45.0;2570.4467757593143;0.8111111111111111;0.0;0.0;0.0;3.333333333333333E-4;8.598242936499074E-4;0.1431504759118594;0.5259168765910875;0.0;0.6690673525029469;0.038575012
20.0;45.0;2570.4467757593143;0.8111111111111111;0.0;0.0;0.0;3.333333333333333E-4;8.598242936499074E-4;0.1431504759118594;0.5259168765910875;0.0;0.6690673525029469;0.031390999
