#NB_PM;NB_VM;sim_time;cpu_energy;nb_mig;all_sla;vm_realloc_mean;exe_time_mean;strg_egy;egy_cost;wo_cost;sla_cost;all_cost;all_time
20.0;40.0;2717.364150943396;0.7533333333333333;0.0;0.0;0.0;0.0013333333333333337;8.600204245283018E-4;0.132964288267511;0.45555161266620625;0.0;0.5885159009337173;0.181462993
20.0;40.0;2717.364150943396;0.7533333333333333;0.0;0.0;0.0;0.0011111111111111113;8.600204245283018E-4;0.132964288267511;0.45555161266620625;0.0;0.5885159009337173;0.063065478
20.0;40.0;2717.364150943396;0.7533333333333333;0.0;0.0;0.0;5.555555555555556E-4;8.600204245283018E-4;0.132964288267511;0.45555161266620625;0.0;0.5885159009337173;0.039675794
20.0;40.0;2717.364150943396;0.7533333333333333;0.0;0.0;0.0;3.333333333333333E-4;8.600204245283018E-4;0.132964288267511;0.45555161266620625;0.0;0.5885159009337173;0.035283217
20.0;40.0;2717.364150943396;0.7533333333333333;0.0;0.0;0.0;3.333333333333333E-4;8.600204245283018E-4;0.132964288267511;0.45555161266620625;0.0;0.5885159009337173;0.03144706
