#NB_PM;NB_VM;sim_time;cpu_energy;nb_mig;all_sla;vm_realloc_mean;exe_time_mean;strg_egy;egy_cost;wo_cost;sla_cost;all_cost;all_time
20.0;30.0;2569.9788512310124;0.5666666666666667;0.0;0.0;0.0;0.0011111111111111113;8.710875019951288E-4;0.10005690605993509;0.35061125106072505;0.0;0.4506681571206601;0.170682494
20.0;30.0;2569.9788512310124;0.5666666666666667;0.0;0.0;0.0;6.666666666666666E-4;8.710875019951288E-4;0.10005690605993509;0.35061125106072505;0.0;0.4506681571206601;0.048634117
20.0;30.0;2569.9788512310124;0.5666666666666667;0.0;0.0;0.0;5.555555555555556E-4;8.710875019951288E-4;0.10005690605993509;0.35061125106072505;0.0;0.4506681571206601;0.047828671
20.0;30.0;2569.9788512310124;0.5666666666666667;0.0;0.0;0.0;3.333333333333333E-4;8.710875019951288E-4;0.10005690605993509;0.35061125106072505;0.0;0.4506681571206601;0.028909994
20.0;30.0;2569.9788512310124;0.5666666666666667;0.0;0.0;0.0;4.4444444444444447E-4;8.710875019951288E-4;0.10005690605993509;0.35061125106072505;0.0;0.4506681571206601;0.032904856
