#NB_PM;NB_VM;sim_time;cpu_energy;nb_mig;all_sla;vm_realloc_mean;exe_time_mean;strg_egy;egy_cost;wo_cost;sla_cost;all_cost;all_time
20.0;25.0;2715.1698113207544;0.43777777777777777;0.0;0.0;1.1111111111111112E-4;0.0013333333333333337;9.552081341719078E-4;0.07734862541627673;0.29335535669260226;0.0;0.370703982108879;0.155580999
20.0;25.0;2715.1698113207544;0.43777777777777777;0.0;0.0;0.0;3.333333333333333E-4;9.552081341719078E-4;0.07734862541627673;0.29335535669260226;0.0;0.370703982108879;0.047453162
20.0;25.0;2715.1698113207544;0.43777777777777777;0.0;0.0;1.1111111111111112E-4;8.888888888888889E-4;9.552081341719078E-4;0.07734862541627673;0.29335535669260226;0.0;0.370703982108879;0.050439664
20.0;25.0;2715.1698113207544;0.43777777777777777;0.0;0.0;0.0;5.555555555555556E-4;9.552081341719078E-4;0.07734862541627673;0.29335535669260226;0.0;0.370703982108879;0.045310334
20.0;25.0;2715.1698113207544;0.43777777777777777;0.0;0.0;0.0;2.2222222222222223E-4;9.552081341719078E-4;0.07734862541627673;0.29335535669260226;0.0;0.370703982108879;0.035301737
