#NB_PM;NB_VM;sim_time;cpu_energy;nb_mig;all_sla;vm_realloc_mean;exe_time_mean;strg_egy;egy_cost;wo_cost;sla_cost;all_cost;all_time
100.0;269.0;2743.5528301886793;4.645377777777778;430.0;0.020142378459823623;0.007777777777777778;0.011666666666666665;0.007374782091194971;0.8202802763049;1.2684260004172332;7.251256245536504;9.339962522258638;0.668032897
100.0;269.0;2743.5528301886793;4.645377777777778;430.0;0.020142378459823623;0.004777777777777779;0.00788888888888889;0.007374782091194971;0.8202802763049;1.2684260004172332;7.251256245536504;9.339962522258638;0.359866828
100.0;269.0;2743.5528301886793;4.645377777777778;430.0;0.020142378459823623;0.003777777777777778;0.006333333333333333;0.007374782091194971;0.8202802763049;1.2684260004172332;7.251256245536504;9.339962522258638;0.308060131
100.0;269.0;2743.5528301886793;4.645377777777778;430.0;0.020142378459823623;0.0037777777777777775;0.006;0.007374782091194971;0.8202802763049;1.2684260004172332;7.251256245536504;9.339962522258638;0.328155866
100.0;269.0;2743.5528301886793;4.645377777777778;430.0;0.020142378459823623;0.003;0.004888888888888889;0.007374782091194971;0.8202802763049;1.2684260004172332;7.251256245536504;9.339962522258638;0.240848309
