#NB_PM;NB_VM;sim_time;cpu_energy;nb_mig;all_sla;vm_realloc_mean;exe_time_mean;strg_egy;egy_cost;wo_cost;sla_cost;all_cost;all_time
100.0;267.0;2717.364150943396;5.121111111111111;0.0;0.0;0.0;0.003222222222222222;0.009173490104821805;0.9044691751943692;1.2174742189889338;0.0;2.121943394183303;0.459374269
100.0;267.0;2717.364150943396;5.121111111111111;0.0;0.0;0.0;0.0033333333333333327;0.009173490104821805;0.9044691751943692;1.2174742189889338;0.0;2.121943394183303;0.270103589
100.0;267.0;2717.364150943396;5.121111111111111;0.0;0.0;0.0;0.003111111111111111;0.009173490104821805;0.9044691751943692;1.2174742189889338;0.0;2.121943394183303;0.230271577
100.0;267.0;2717.364150943396;5.121111111111111;0.0;0.0;1.1111111111111112E-4;0.0025555555555555557;0.009173490104821805;0.9044691751943692;1.2174742189889338;0.0;2.121943394183303;0.223606439
100.0;267.0;2717.364150943396;5.121111111111111;0.0;0.0;1.1111111111111112E-4;0.0015555555555555557;0.009173490104821805;0.9044691751943692;1.2174742189889338;0.0;2.121943394183303;0.147021986
