#NB_PM;NB_VM;sim_time;cpu_energy;nb_mig;all_sla;vm_realloc_mean;exe_time_mean;strg_egy;egy_cost;wo_cost;sla_cost;all_cost;all_time
10.0;10.0;5115.115094339623;0.3969924812030075;0.0;0.0;0.0;7.647058823529414E-4;0.0018410082599580717;0.07031434419232084;0.9158151769145071;0.0;0.9861295211068279;0.139716289
10.0;10.0;5115.115094339623;0.3969924812030075;0.0;0.0;0.0;3.5294117647058826E-4;0.0018410082599580717;0.07031434419232084;0.9158151769145071;0.0;0.9861295211068279;0.035746218
10.0;10.0;5115.115094339623;0.3969924812030075;0.0;0.0;0.0;3.5294117647058826E-4;0.0018410082599580717;0.07031434419232084;0.9158151769145071;0.0;0.9861295211068279;0.029066389
10.0;10.0;5115.115094339623;0.3969924812030075;0.0;0.0;0.0;3.5294117647058826E-4;0.0018410082599580717;0.07031434419232084;0.9158151769145071;0.0;0.9861295211068279;0.031717549
10.0;10.0;5115.115094339623;0.3969924812030075;0.0;0.0;0.0;2.3529411764705883E-4;0.0018410082599580717;0.07031434419232084;0.9158151769145071;0.0;0.9861295211068279;0.021615896
