#NB_PM;NB_VM;sim_time;cpu_energy;nb_mig;all_sla;vm_realloc_mean;exe_time_mean;strg_egy;egy_cost;wo_cost;sla_cost;all_cost;all_time
10.0;15.0;5143.181132075472;0.6201253132832082;17.0;0.00385354913208473;2.3529411764705883E-4;9.411764705882358E-4;0.002075152222222222;0.10969394206860739;2.578270240422554;1.3872776875505028;4.075241870041665;0.190768567
10.0;15.0;5143.181132075472;0.6201253132832082;17.0;0.00385354913208473;2.3529411764705883E-4;5.294117647058824E-4;0.002075152222222222;0.10969394206860739;2.578270240422554;1.3872776875505028;4.075241870041665;0.06483457
10.0;15.0;5143.181132075472;0.6201253132832082;17.0;0.00385354913208473;1.1764705882352942E-4;3.5294117647058826E-4;0.002075152222222222;0.10969394206860739;2.578270240422554;1.3872776875505028;4.075241870041665;0.044138984
10.0;15.0;5143.181132075472;0.6201253132832082;17.0;0.00385354913208473;5.882352941176471E-5;4.7058823529411766E-4;0.002075152222222222;0.10969394206860739;2.578270240422554;1.3872776875505028;4.075241870041665;0.044133463
10.0;15.0;5143.181132075472;0.6201253132832082;17.0;0.00385354913208473;1.1764705882352942E-4;3.5294117647058826E-4;0.002075152222222222;0.10969394206860739;2.578270240422554;1.3872776875505028;4.075241870041665;0.03104566
