#NB_PM;NB_VM;sim_time;cpu_energy;nb_mig;all_sla;vm_realloc_mean;exe_time_mean;strg_egy;egy_cost;wo_cost;sla_cost;all_cost;all_time
20.0;10.0;5143.181132075472;0.3942398783697596;21.0;0.009040084835630966;1.7647058823529413E-4;0.0010000000000000005;0.0020939676939203352;0.06987365706102677;0.4577019660205853;3.2544305408271477;3.78200616390876;0.178923942
20.0;10.0;5143.181132075472;0.3942398783697596;21.0;0.009040084835630966;5.882352941176471E-5;5.882352941176472E-4;0.0020939676939203352;0.06987365706102677;0.4577019660205853;3.2544305408271477;3.78200616390876;0.05272343
20.0;10.0;5143.181132075472;0.3942398783697596;21.0;0.009040084835630966;1.1764705882352942E-4;6.470588235294119E-4;0.0020939676939203352;0.06987365706102677;0.4577019660205853;3.2544305408271477;3.78200616390876;0.059032725
20.0;10.0;5143.181132075472;0.3942398783697596;21.0;0.009040084835630966;0.0;4.1176470588235296E-4;0.0020939676939203352;0.06987365706102677;0.4577019660205853;3.2544305408271477;3.78200616390876;0.04577972
20.0;10.0;5143.181132075472;0.3942398783697596;21.0;0.009040084835630966;5.882352941176471E-5;1.7647058823529413E-4;0.0020939676939203352;0.06987365706102677;0.4577019660205853;3.2544305408271477;3.78200616390876;0.036245563
