#NB_PM;NB_VM;sim_time;cpu_energy;nb_mig;all_sla;vm_realloc_mean;exe_time_mean;strg_egy;egy_cost;wo_cost;sla_cost;all_cost;all_time
10.0;20.0;5146.084905660377;0.8452067669172936;35.0;0.008114110647234565;2.9411764705882356E-4;0.001470588235294118;0.002073838694968554;0.14937557076944183;3.450169955229311;2.9210798330044434;6.520625359003196;0.222642863
10.0;20.0;5146.084905660377;0.8452067669172936;35.0;0.008114110647234565;1.1764705882352942E-4;8.823529411764709E-4;0.002073838694968554;0.14937557076944183;3.450169955229311;2.9210798330044434;6.520625359003196;0.086989477
10.0;20.0;5146.084905660377;0.8452067669172936;35.0;0.008114110647234565;1.1764705882352942E-4;5.882352941176472E-4;0.002073838694968554;0.14937557076944183;3.450169955229311;2.9210798330044434;6.520625359003196;0.067077085
10.0;20.0;5146.084905660377;0.8452067669172936;35.0;0.008114110647234565;0.0;4.7058823529411766E-4;0.002073838694968554;0.14937557076944183;3.450169955229311;2.9210798330044434;6.520625359003196;0.054683549
10.0;20.0;5146.084905660377;0.8452067669172936;35.0;0.008114110647234565;5.882352941176471E-5;2.3529411764705883E-4;0.002073838694968554;0.14937557076944183;3.450169955229311;2.9210798330044434;6.520625359003196;0.03984566
