#NB_PM;NB_VM;sim_time;cpu_energy;nb_mig;all_sla;vm_realloc_mean;exe_time_mean;strg_egy;egy_cost;wo_cost;sla_cost;all_cost;all_time
20.0;25.0;5143.181132075472;1.019507932016421;56.0;0.011017383866563708;5.882352941176472E-4;0.0014117647058823535;0.0021884718605870023;0.18012507600351652;1.1228096722588534;3.966258191962935;5.269192940225305;0.237900306
20.0;25.0;5143.181132075472;1.019507932016421;56.0;0.011017383866563708;2.9411764705882356E-4;8.823529411764709E-4;0.0021884718605870023;0.18012507600351652;1.1228096722588534;3.966258191962935;5.269192940225305;0.072157074
20.0;25.0;5143.181132075472;1.019507932016421;56.0;0.011017383866563708;2.9411764705882356E-4;5.294117647058824E-4;0.0021884718605870023;0.18012507600351652;1.1228096722588534;3.966258191962935;5.269192940225305;0.062928899
20.0;25.0;5143.181132075472;1.019507932016421;56.0;0.011017383866563708;2.3529411764705883E-4;6.470588235294119E-4;0.0021884718605870023;0.18012507600351652;1.1228096722588534;3.966258191962935;5.269192940225305;0.05551013
20.0;25.0;5143.181132075472;1.019507932016421;56.0;0.011017383866563708;2.9411764705882356E-4;5.882352941176472E-4;0.0021884718605870023;0.18012507600351652;1.1228096722588534;3.966258191962935;5.269192940225305;0.051910848
