#NB_PM;NB_VM;sim_time;cpu_energy;nb_mig;all_sla;vm_realloc_mean;exe_time_mean;strg_egy;egy_cost;wo_cost;sla_cost;all_cost;all_time
20.0;10.0;5112.069811320755;0.40270360039884656;10.0;8.689607229753216E-4;2.9411764705882356E-4;0.0011764705882352947;0.0018448977987421387;0.07132190023223489;0.28005827642200715;0.3128258602711158;0.6642060369253578;0.165992262
20.0;10.0;5112.069811320755;0.40270360039884656;10.0;8.689607229753216E-4;5.882352941176471E-5;6.470588235294119E-4;0.0018448977987421387;0.07132190023223489;0.28005827642200715;0.3128258602711158;0.6642060369253578;0.048986831
20.0;10.0;5112.069811320755;0.40270360039884656;10.0;8.689607229753216E-4;0.0;5.882352941176472E-4;0.0018448977987421387;0.07132190023223489;0.28005827642200715;0.3128258602711158;0.6642060369253578;0.041395627
20.0;10.0;5112.069811320755;0.40270360039884656;10.0;8.689607229753216E-4;1.1764705882352942E-4;4.7058823529411766E-4;0.0018448977987421387;0.07132190023223489;0.28005827642200715;0.3128258602711158;0.6642060369253578;0.038663088
20.0;10.0;5112.069811320755;0.40270360039884656;10.0;8.689607229753216E-4;1.7647058823529413E-4;4.1176470588235296E-4;0.0018448977987421387;0.07132190023223489;0.28005827642200715;0.3128258602711158;0.6642060369253578;0.034310783
