#NB_PM;NB_VM;sim_time;cpu_energy;nb_mig;all_sla;vm_realloc_mean;exe_time_mean;strg_egy;egy_cost;wo_cost;sla_cost;all_cost;all_time
20.0;31.0;5115.118867924529;1.4937815641253671;30.0;7.957240626339701E-4;5.294117647058824E-4;0.002941176470588236;0.0014307022222222222;0.26360592255708;0.9045675172182719;0.2864606625482292;1.4546341023235811;0.286902106
20.0;31.0;5115.118867924529;1.4937815641253671;30.0;7.957240626339701E-4;1.7647058823529413E-4;0.0014705882352941178;0.0014307022222222222;0.26360592255708;0.9045675172182719;0.2864606625482292;1.4546341023235811;0.101977494
20.0;31.0;5115.118867924529;1.4937815641253671;30.0;7.957240626339701E-4;1.1764705882352942E-4;7.058823529411767E-4;0.0014307022222222222;0.26360592255708;0.9045675172182719;0.2864606625482292;1.4546341023235811;0.062242731
20.0;31.0;5115.118867924529;1.4937815641253671;30.0;7.957240626339701E-4;5.882352941176471E-5;7.647058823529414E-4;0.0014307022222222222;0.26360592255708;0.9045675172182719;0.2864606625482292;1.4546341023235811;0.059481512
20.0;31.0;5115.118867924529;1.4937815641253671;30.0;7.957240626339701E-4;1.1764705882352942E-4;7.058823529411767E-4;0.0014307022222222222;0.26360592255708;0.9045675172182719;0.2864606625482292;1.4546341023235811;0.056348549
