#NB_PM;NB_VM;sim_time;cpu_energy;nb_mig;all_sla;vm_realloc_mean;exe_time_mean;strg_egy;egy_cost;wo_cost;sla_cost;all_cost;all_time
20.0;15.0;5112.115094339623;0.6806495405179614;13.0;6.597394029358404E-4;3.5294117647058826E-4;0.0014117647058823535;0.0017189290880503141;0.12030156119153987;0.42225042156202425;0.23750618505690255;0.7800581678104667;0.189848422
20.0;15.0;5112.115094339623;0.6806495405179614;13.0;6.597394029358404E-4;2.9411764705882356E-4;8.23529411764706E-4;0.0017189290880503141;0.12030156119153987;0.42225042156202425;0.23750618505690255;0.7800581678104667;0.060902786
20.0;15.0;5112.115094339623;0.6806495405179614;13.0;6.597394029358404E-4;1.1764705882352942E-4;5.294117647058824E-4;0.0017189290880503141;0.12030156119153987;0.42225042156202425;0.23750618505690255;0.7800581678104667;0.043021327
20.0;15.0;5112.115094339623;0.6806495405179614;13.0;6.597394029358404E-4;5.882352941176471E-5;3.5294117647058826E-4;0.0017189290880503141;0.12030156119153987;0.42225042156202425;0.23750618505690255;0.7800581678104667;0.036857778
20.0;15.0;5112.115094339623;0.6806495405179614;13.0;6.597394029358404E-4;1.1764705882352942E-4;4.1176470588235296E-4;0.0017189290880503141;0.12030156119153987;0.42225042156202425;0.23750618505690255;0.7800581678104667;0.032704716
