#NB_PM;NB_VM;sim_time;cpu_energy;nb_mig;all_sla;vm_realloc_mean;exe_time_mean;strg_egy;egy_cost;wo_cost;sla_cost;all_cost;all_time
20.0;10.0;5161.009774436091;0.44273834227144937;17.0;0.007478704216090559;1.7647058823529413E-4;8.235294117647062E-4;0.07800517190476192;0.09180708154926606;0.046049004000000004;2.6923335177926013;2.8301896033418674;0.198961458
20.0;10.0;5161.009774436091;0.44273834227144937;17.0;0.007478704216090559;5.882352941176471E-5;7.058823529411767E-4;0.07800517190476192;0.09180708154926606;0.046049004000000004;2.6923335177926013;2.8301896033418674;0.057807696
20.0;10.0;5161.009774436091;0.44273834227144937;17.0;0.007478704216090559;5.882352941176471E-5;4.1176470588235296E-4;0.07800517190476192;0.09180708154926606;0.046049004000000004;2.6923335177926013;2.8301896033418674;0.042679617
20.0;10.0;5161.009774436091;0.44273834227144937;17.0;0.007478704216090559;0.0;3.5294117647058826E-4;0.07800517190476192;0.09180708154926606;0.046049004000000004;2.6923335177926013;2.8301896033418674;0.034875889
20.0;10.0;5161.009774436091;0.44273834227144937;17.0;0.007478704216090559;5.882352941176471E-5;2.9411764705882356E-4;0.07800517190476192;0.09180708154926606;0.046049004000000004;2.6923335177926013;2.8301896033418674;0.034104492
