#NB_PM;NB_VM;sim_time;cpu_energy;nb_mig;all_sla;vm_realloc_mean;exe_time_mean;strg_egy;egy_cost;wo_cost;sla_cost;all_cost;all_time
20.0;30.0;5085.957011735544;1.2620872970957857;51.0;0.006732406954136446;4.1176470588235296E-4;0.0015882352941176477;0.04795658250760113;0.23096073597407712;0.130488714;2.4236665034891205;2.7851159534631975;0.26368856
20.0;30.0;5085.957011735544;1.2620872970957857;51.0;0.006732406954136446;5.882352941176471E-5;4.7058823529411766E-4;0.04795658250760113;0.23096073597407712;0.130488714;2.4236665034891205;2.7851159534631975;0.07944035
20.0;30.0;5085.957011735544;1.2620872970957857;51.0;0.006732406954136446;2.9411764705882356E-4;5.882352941176472E-4;0.04795658250760113;0.23096073597407712;0.130488714;2.4236665034891205;2.7851159534631975;0.066037904
20.0;30.0;5085.957011735544;1.2620872970957857;51.0;0.006732406954136446;1.1764705882352942E-4;5.294117647058824E-4;0.04795658250760113;0.23096073597407712;0.130488714;2.4236665034891205;2.7851159534631975;0.057711574
20.0;30.0;5085.957011735544;1.2620872970957857;51.0;0.006732406954136446;1.7647058823529413E-4;4.7058823529411766E-4;0.04795658250760113;0.23096073597407712;0.130488714;2.4236665034891205;2.7851159534631975;0.05434008
