#NB_PM;NB_VM;sim_time;cpu_energy;nb_mig;all_sla;vm_realloc_mean;exe_time_mean;strg_egy;egy_cost;wo_cost;sla_cost;all_cost;all_time
20.0;5.0;5140.084962406016;0.1834586466165414;0.0;0.0;0.0;4.7058823529411766E-4;0.08658382055973267;0.04760848696317712;0.011719655999999997;0.0;0.059328142963177115;0.116302273
20.0;5.0;5140.084962406016;0.1834586466165414;0.0;0.0;0.0;4.7058823529411766E-4;0.08658382055973267;0.04760848696317712;0.011719655999999997;0.0;0.059328142963177115;0.029510364
20.0;5.0;5140.084962406016;0.1834586466165414;0.0;0.0;0.0;4.1176470588235296E-4;0.08658382055973267;0.04760848696317712;0.011719655999999997;0.0;0.059328142963177115;0.026841398
20.0;5.0;5140.084962406016;0.1834586466165414;0.0;0.0;0.0;1.7647058823529413E-4;0.08658382055973267;0.04760848696317712;0.011719655999999997;0.0;0.059328142963177115;0.022078379
20.0;5.0;5140.084962406016;0.1834586466165414;0.0;0.0;0.0;2.3529411764705883E-4;0.08658382055973267;0.04760848696317712;0.011719655999999997;0.0;0.059328142963177115;0.021302995
