#NB_PM,NB_PM,GREEDY_COST,GREEDY_TIME,HPSD_COST,HPSD_TIME,HPPM_COST,HPPM_TIME,EXACT_COST,EXACT_TIME,NO_STORAGE_COST,NO_STORAGE_TIME
10,5,1.14744811708046,1.12229510478559,4.20363911773026,1.06786073759675,2.97460661331584,1.12353683565704,1,1,3.89552006256156,1.11320837618816
10,10,1.809525852862581,1.7231078231248,5.13937346910646,1.08795602599032,1.96312528983028,1.50046147205467,1,1,2.96081033110587,1.60613044020629
10,15,3.91393301460786,2.27180162574868,4.76518909524431,1.94299260353774,1.41020047449395,2.24148108670401,1,1,3.0610156459979,2.45445703413375
10,20,5.42757611973638,4.11942662622511,4.47544949656666,3.00933825943908,1.40311496108695,4.28982247524053,1,1,4.8084094150637,4.95882126580404
10,25,4.01017675517553,3.962166416214,3.7744062383543,3.15354619312303,1.38447021245666,4.06912260328016,1,1,3.06550331062643,4.28004487836082
10,30,3.05000647921139,4.8600528849095,4.19183590498005,3.54004141252355,1.37044279457192,4.7350498668929,1,1,3.00862644706026,5.97974414629924
10,35,3.63212600588343,5.38712456113165,3.9857191282435,3.91467809846863,1.41862612987108,5.88170334700511,1,1,3.9749345816488,6.95818673412901
10,40,3.95986138468999,5.98982268521398,3.43632872350687,4.67108172662636,1.42034087216814,6.98567213436564,1,1,4.00765037228544,8.23266808716038
10,45,2.86983610390709,43.2246268666761,2.66854392626659,28.6343013256483,1.53536477118684,43.6113664222413,1,1,3.13382477189022,36.02714649814
