#NB_PM;NB_VM;sim_time;cpu_energy;nb_mig;all_sla;vm_realloc_mean;exe_time_mean;strg_egy;egy_cost;wo_cost;sla_cost;all_cost;all_time
20.0;20.0;5115.094339622642;0.9955341534840687;98.0;0.004982310000447848;3.5294117647058826E-4;0.0017647058823529419;0.001717480398322851;0.17581546305346565;0.8012376132555267;1.7936316001612251;2.7706846764702173;0.236950309
20.0;20.0;5115.094339622642;0.9955341534840687;98.0;0.004982310000447848;5.882352941176471E-5;9.411764705882358E-4;0.001717480398322851;0.17581546305346565;0.8012376132555267;1.7936316001612251;2.7706846764702173;0.069569535
20.0;20.0;5115.094339622642;0.9955341534840687;98.0;0.004982310000447848;1.1764705882352942E-4;5.882352941176472E-4;0.001717480398322851;0.17581546305346565;0.8012376132555267;1.7936316001612251;2.7706846764702173;0.063842024
20.0;20.0;5115.094339622642;0.9955341534840687;98.0;0.004982310000447848;1.1764705882352942E-4;6.470588235294119E-4;0.001717480398322851;0.17581546305346565;0.8012376132555267;1.7936316001612251;2.7706846764702173;0.063427853
20.0;20.0;5115.094339622642;0.9955341534840687;98.0;0.004982310000447848;1.7647058823529413E-4;8.235294117647062E-4;0.001717480398322851;0.17581546305346565;0.8012376132555267;1.7936316001612251;2.7706846764702173;0.050934354
