#NB_PM;NB_VM;sim_time;cpu_energy;nb_mig;all_sla;vm_realloc_mean;exe_time_mean;strg_egy;egy_cost;wo_cost;sla_cost;all_cost;all_time
20.0;31.0;5115.118867924529;1.575006580070247;146.0;0.0027831875741596186;5.882352941176472E-4;0.003294117647058825;0.0016763457232704402;0.27796919981739715;1.426299810086523;1.0019475266974627;2.706216536601383;0.297431453
20.0;31.0;5115.118867924529;1.575006580070247;146.0;0.0027831875741596186;1.1764705882352942E-4;0.0011176470588235299;0.0016763457232704402;0.27796919981739715;1.426299810086523;1.0019475266974627;2.706216536601383;0.095398893
20.0;31.0;5115.118867924529;1.575006580070247;146.0;0.0027831875741596186;5.882352941176471E-5;0.001235294117647059;0.0016763457232704402;0.27796919981739715;1.426299810086523;1.0019475266974627;2.706216536601383;0.110592527
20.0;31.0;5115.118867924529;1.575006580070247;146.0;0.0027831875741596186;1.7647058823529413E-4;8.823529411764709E-4;0.0016763457232704402;0.27796919981739715;1.426299810086523;1.0019475266974627;2.706216536601383;0.072866336
20.0;31.0;5115.118867924529;1.575006580070247;146.0;0.0027831875741596186;1.7647058823529413E-4;8.235294117647062E-4;0.0016763457232704402;0.27796919981739715;1.426299810086523;1.0019475266974627;2.706216536601383;0.07840252
