#NB_PM;NB_VM;sim_time;cpu_energy;nb_mig;all_sla;vm_realloc_mean;exe_time_mean;strg_egy;egy_cost;wo_cost;sla_cost;all_cost;all_time
20.0;15.0;5115.096226415095;0.8276558106736377;69.0;0.003719239669072197;5.882352941176471E-5;0.001705882352941177;0.0016291360062893078;0.14620293609967114;0.6038299866923457;1.338926280865991;2.088959203658008;0.219657386
20.0;15.0;5115.096226415095;0.8276558106736377;69.0;0.003719239669072197;0.0;7.647058823529414E-4;0.0016291360062893078;0.14620293609967114;0.6038299866923457;1.338926280865991;2.088959203658008;0.07046031
20.0;15.0;5115.096226415095;0.8276558106736377;69.0;0.003719239669072197;5.882352941176471E-5;7.058823529411767E-4;0.0016291360062893078;0.14620293609967114;0.6038299866923457;1.338926280865991;2.088959203658008;0.053306729
20.0;15.0;5115.096226415095;0.8276558106736377;69.0;0.003719239669072197;5.882352941176471E-5;6.470588235294119E-4;0.0016291360062893078;0.14620293609967114;0.6038299866923457;1.338926280865991;2.088959203658008;0.051088238
20.0;15.0;5115.096226415095;0.8276558106736377;69.0;0.003719239669072197;5.882352941176471E-5;5.294117647058824E-4;0.0016291360062893078;0.14620293609967114;0.6038299866923457;1.338926280865991;2.088959203658008;0.049170902
