#NB_PM;NB_VM;sim_time;cpu_energy;nb_mig;all_sla;vm_realloc_mean;exe_time_mean;strg_egy;egy_cost;wo_cost;sla_cost;all_cost;all_time
20.0;25.0;5112.1132075471705;1.2947420971784303;140.0;0.004891560067919257;2.9411764705882356E-4;0.00211764705882353;0.0016500681132075475;0.22855393874091573;1.1086176270624977;1.7609616244509323;3.0981331902543454;0.272066758
20.0;25.0;5112.1132075471705;1.2947420971784303;140.0;0.004891560067919257;2.3529411764705883E-4;0.001235294117647059;0.0016500681132075475;0.22855393874091573;1.1086176270624977;1.7609616244509323;3.0981331902543454;0.087713932
20.0;25.0;5112.1132075471705;1.2947420971784303;140.0;0.004891560067919257;0.0;5.882352941176472E-4;0.0016500681132075475;0.22855393874091573;1.1086176270624977;1.7609616244509323;3.0981331902543454;0.074004701
20.0;25.0;5112.1132075471705;1.2947420971784303;140.0;0.004891560067919257;5.882352941176471E-5;0.00111764705882353;0.0016500681132075475;0.22855393874091573;1.1086176270624977;1.7609616244509323;3.0981331902543454;0.080167403
20.0;25.0;5112.1132075471705;1.2947420971784303;140.0;0.004891560067919257;1.1764705882352942E-4;5.882352941176472E-4;0.0016500681132075475;0.22855393874091573;1.1086176270624977;1.7609616244509323;3.0981331902543454;0.065935039
