#NB_PM;NB_VM;sim_time;cpu_energy;nb_mig;all_sla;vm_realloc_mean;exe_time_mean;strg_egy;egy_cost;wo_cost;sla_cost;all_cost;all_time
20.0;40.0;2740.528301886792;0.7950222222222222;18.0;0.0021701447031054503;0.0012222222222222226;0.002333333333333334;0.057640858721174;0.15032450117032076;5.3360484583729795;0.7812520931179621;6.267625052661263;0.283305301
20.0;40.0;2740.528301886792;0.7950222222222222;18.0;0.0021701447031054503;5.555555555555556E-4;0.001;0.057640858721174;0.15032450117032076;5.3360484583729795;0.7812520931179621;6.267625052661263;0.09744669
20.0;40.0;2740.528301886792;0.7950222222222222;18.0;0.0021701447031054503;2.2222222222222223E-4;0.0012222222222222226;0.057640858721174;0.15032450117032076;5.3360484583729795;0.7812520931179621;6.267625052661263;0.080399482
20.0;40.0;2740.528301886792;0.7950222222222222;18.0;0.0021701447031054503;3.333333333333333E-4;7.777777777777778E-4;0.057640858721174;0.15032450117032076;5.3360484583729795;0.7812520931179621;6.267625052661263;0.066676317
20.0;40.0;2740.528301886792;0.7950222222222222;18.0;0.0021701447031054503;2.2222222222222223E-4;4.4444444444444447E-4;0.057640858721174;0.15032450117032076;5.3360484583729795;0.7812520931179621;6.267625052661263;0.058408726
