#NB_PM;NB_VM;sim_time;cpu_energy;nb_mig;all_sla;vm_realloc_mean;exe_time_mean;strg_egy;egy_cost;wo_cost;sla_cost;all_cost;all_time
20.0;30.0;2593.6109267027105;0.7142796296296295;9.0;8.109374436848997E-4;8.888888888888889E-4;0.0013333333333333337;0.05442632991635961;0.1355228606679579;4.098299484524207;0.29193747972656386;4.52575982491873;0.219389021
20.0;30.0;2593.6109267027105;0.7142796296296295;9.0;8.109374436848997E-4;1.1111111111111112E-4;3.333333333333333E-4;0.05442632991635961;0.1355228606679579;4.098299484524207;0.29193747972656386;4.52575982491873;0.066677324
20.0;30.0;2593.6109267027105;0.7142796296296295;9.0;8.109374436848997E-4;5.555555555555556E-4;0.0011111111111111113;0.05442632991635961;0.1355228606679579;4.098299484524207;0.29193747972656386;4.52575982491873;0.067710556
20.0;30.0;2593.6109267027105;0.7142796296296295;9.0;8.109374436848997E-4;1.1111111111111112E-4;3.333333333333333E-4;0.05442632991635961;0.1355228606679579;4.098299484524207;0.29193747972656386;4.52575982491873;0.056798947
20.0;30.0;2593.6109267027105;0.7142796296296295;9.0;8.109374436848997E-4;2.2222222222222223E-4;3.333333333333333E-4;0.05442632991635961;0.1355228606679579;4.098299484524207;0.29193747972656386;4.52575982491873;0.040406405
