#NB_PM;NB_VM;sim_time;cpu_energy;nb_mig;all_sla;vm_realloc_mean;exe_time_mean;strg_egy;egy_cost;wo_cost;sla_cost;all_cost;all_time
20.0;5.0;2701.8264150943396;0.18666666666666668;0.0;0.0;0.015666666666666666;0.01633333333333333;0.005057845780922433;0.03380103154450997;0.3025341014703882;0.0;0.33633513301489815;0.259052786
20.0;5.0;2701.8264150943396;0.18666666666666668;0.0;0.0;0.0;2.2222222222222223E-4;0.005057845780922433;0.03380103154450997;0.3025341014703882;0.0;0.33633513301489815;0.024014736
20.0;5.0;2701.8264150943396;0.18666666666666668;0.0;0.0;0.0;2.2222222222222223E-4;0.005057845780922433;0.03380103154450997;0.3025341014703882;0.0;0.33633513301489815;0.020912074
20.0;5.0;2701.8264150943396;0.18666666666666668;0.0;0.0;0.0;2.2222222222222223E-4;0.005057845780922433;0.03380103154450997;0.3025341014703882;0.0;0.33633513301489815;0.019419228
20.0;5.0;2701.8264150943396;0.18666666666666668;0.0;0.0;0.0;2.2222222222222223E-4;0.005057845780922433;0.03380103154450997;0.3025341014703882;0.0;0.33633513301489815;0.017809261
