#NB_PM;NB_VM;sim_time;cpu_energy;nb_mig;all_sla;vm_realloc_mean;exe_time_mean;strg_egy;egy_cost;wo_cost;sla_cost;all_cost;all_time
20.0;10.0;2703.5471698113206;0.2822222222222222;0.0;0.0;0.0;6.666666666666666E-4;0.05646929178721174;0.05971131391986321;0.7239366533542029;0.0;0.783647967274066;0.129007328
20.0;10.0;2703.5471698113206;0.2822222222222222;0.0;0.0;0.0;3.333333333333333E-4;0.05646929178721174;0.05971131391986321;0.7239366533542029;0.0;0.783647967274066;0.033026687
20.0;10.0;2703.5471698113206;0.2822222222222222;0.0;0.0;1.1111111111111112E-4;3.333333333333333E-4;0.05646929178721174;0.05971131391986321;0.7239366533542029;0.0;0.783647967274066;0.028599623
20.0;10.0;2703.5471698113206;0.2822222222222222;0.0;0.0;0.0;2.2222222222222223E-4;0.05646929178721174;0.05971131391986321;0.7239366533542029;0.0;0.783647967274066;0.026155332
20.0;10.0;2703.5471698113206;0.2822222222222222;0.0;0.0;0.0;3.333333333333333E-4;0.05646929178721174;0.05971131391986321;0.7239366533542029;0.0;0.783647967274066;0.029296404
