#NB_PM;NB_VM;sim_time;cpu_energy;nb_mig;all_sla;vm_realloc_mean;exe_time_mean;strg_egy;egy_cost;wo_cost;sla_cost;all_cost;all_time
100.0;267.0;2705.467924528302;4.716666666666667;0.0;0.0;1.1111111111111112E-4;0.003222222222222222;0.0032932723270440267;0.8321289372445912;0.6087371094944671;0.0;1.4408660467390584;0.67114162
100.0;267.0;2705.467924528302;4.716666666666667;0.0;0.0;0.0;0.001;0.0032932723270440267;0.8321289372445912;0.6087371094944671;0.0;1.4408660467390584;0.346869963
100.0;267.0;2705.467924528302;4.716666666666667;0.0;0.0;0.0;0.001;0.0032932723270440267;0.8321289372445912;0.6087371094944671;0.0;1.4408660467390584;0.237752379
100.0;267.0;2705.467924528302;4.716666666666667;0.0;0.0;0.0;8.888888888888889E-4;0.0032932723270440267;0.8321289372445912;0.6087371094944671;0.0;1.4408660467390584;0.188375465
100.0;267.0;2705.467924528302;4.716666666666667;0.0;0.0;0.0;6.666666666666666E-4;0.0032932723270440267;0.8321289372445912;0.6087371094944671;0.0;1.4408660467390584;0.162330798
