#NB_PM;NB_VM;sim_time;cpu_energy;nb_mig;all_sla;vm_realloc_mean;exe_time_mean;strg_egy;egy_cost;wo_cost;sla_cost;all_cost;all_time
20.0;25.0;2703.747169811321;0.6155555555555555;0.0;0.0;1.1111111111111112E-4;7.777777777777778E-4;0.05629225757861635;0.1184467694555545;1.7750073146556138;0.0;1.8934540841111682;0.176934248
20.0;25.0;2703.747169811321;0.6155555555555555;0.0;0.0;1.1111111111111112E-4;7.777777777777778E-4;0.05629225757861635;0.1184467694555545;1.7750073146556138;0.0;1.8934540841111682;0.06332102
20.0;25.0;2703.747169811321;0.6155555555555555;0.0;0.0;0.0;4.4444444444444447E-4;0.05629225757861635;0.1184467694555545;1.7750073146556138;0.0;1.8934540841111682;0.052890414
20.0;25.0;2703.747169811321;0.6155555555555555;0.0;0.0;0.0;5.555555555555556E-4;0.05629225757861635;0.1184467694555545;1.7750073146556138;0.0;1.8934540841111682;0.038033663
20.0;25.0;2703.747169811321;0.6155555555555555;0.0;0.0;1.1111111111111112E-4;1.1111111111111112E-4;0.05629225757861635;0.1184467694555545;1.7750073146556138;0.0;1.8934540841111682;0.028623688
