#NB_PM;NB_VM;sim_time;cpu_energy;nb_mig;all_sla;vm_realloc_mean;exe_time_mean;strg_egy;egy_cost;wo_cost;sla_cost;all_cost;all_time
100.0;270.0;2642.559115626504;3.5188;18.0;7.602668761999722E-5;0.002;0.004222222222222223;0.0284575115957963;0.625381499294339;5.950659389729576;0.027369607543198997;6.603410496567114;0.845546359
100.0;270.0;2642.559115626504;3.5188;18.0;7.602668761999722E-5;8.888888888888889E-4;0.0013333333333333333;0.0284575115957963;0.625381499294339;5.950659389729576;0.027369607543198997;6.603410496567114;0.389918396
100.0;270.0;2642.559115626504;3.5188;18.0;7.602668761999722E-5;7.777777777777778E-4;0.0016666666666666666;0.0284575115957963;0.625381499294339;5.950659389729576;0.027369607543198997;6.603410496567114;0.323235495
100.0;270.0;2642.559115626504;3.5188;18.0;7.602668761999722E-5;8.888888888888889E-4;0.0017777777777777779;0.0284575115957963;0.625381499294339;5.950659389729576;0.027369607543198997;6.603410496567114;0.325331663
100.0;270.0;2642.559115626504;3.5188;18.0;7.602668761999722E-5;8.888888888888889E-4;0.001888888888888889;0.0284575115957963;0.625381499294339;5.950659389729576;0.027369607543198997;6.603410496567114;0.27733798
