#NB_PM;NB_VM;sim_time;cpu_energy;nb_mig;all_sla;vm_realloc_mean;exe_time_mean;strg_egy;egy_cost;wo_cost;sla_cost;all_cost;all_time
100.0;270.0;2609.059115626504;3.3533333333333335;0.0;0.0;1.1111111111111112E-4;0.002333333333333334;0.025191087123248877;0.5956338553264955;3.111001499586801;0.0;3.7066353549132964;0.60625207
100.0;270.0;2609.059115626504;3.3533333333333335;0.0;0.0;0.0;8.888888888888889E-4;0.025191087123248877;0.5956338553264955;3.111001499586801;0.0;3.7066353549132964;0.284469196
100.0;270.0;2609.059115626504;3.3533333333333335;0.0;0.0;0.0;0.001;0.025191087123248877;0.5956338553264955;3.111001499586801;0.0;3.7066353549132964;0.21882086
100.0;270.0;2609.059115626504;3.3533333333333335;0.0;0.0;1.1111111111111112E-4;0.0011111111111111113;0.025191087123248877;0.5956338553264955;3.111001499586801;0.0;3.7066353549132964;0.240141251
100.0;270.0;2609.059115626504;3.3533333333333335;0.0;0.0;0.0;4.4444444444444447E-4;0.025191087123248877;0.5956338553264955;3.111001499586801;0.0;3.7066353549132964;0.159565526
