#NB_PM;NB_VM;sim_time;cpu_energy;nb_mig;all_sla;vm_realloc_mean;exe_time_mean;strg_egy;egy_cost;wo_cost;sla_cost;all_cost;all_time
20.0;45.0;2593.6109267027105;0.9618722222222222;9.0;4.278181065298775E-4;0.0017777777777777783;0.0022222222222222227;0.05458483557593893;0.1792013792898158;6.121066961172184;0.15401451835075589;6.454282858812756;0.260727492
20.0;45.0;2593.6109267027105;0.9618722222222222;9.0;4.278181065298775E-4;5.555555555555556E-4;0.0012222222222222226;0.05458483557593893;0.1792013792898158;6.121066961172184;0.15401451835075589;6.454282858812756;0.079036297
20.0;45.0;2593.6109267027105;0.9618722222222222;9.0;4.278181065298775E-4;5.555555555555556E-4;7.777777777777778E-4;0.05458483557593893;0.1792013792898158;6.121066961172184;0.15401451835075589;6.454282858812756;0.064490834
20.0;45.0;2593.6109267027105;0.9618722222222222;9.0;4.278181065298775E-4;4.4444444444444447E-4;6.666666666666666E-4;0.05458483557593893;0.1792013792898158;6.121066961172184;0.15401451835075589;6.454282858812756;0.059951664
20.0;45.0;2593.6109267027105;0.9618722222222222;9.0;4.278181065298775E-4;8.888888888888889E-4;0.0011111111111111113;0.05458483557593893;0.1792013792898158;6.121066961172184;0.15401451835075589;6.454282858812756;0.068886709
