#NB_PM;NB_VM;sim_time;cpu_energy;nb_mig;all_sla;vm_realloc_mean;exe_time_mean;strg_egy;egy_cost;wo_cost;sla_cost;all_cost;all_time
20.0;46.0;2609.059115626504;1.0033333333333334;0.0;0.0;0.001888888888888889;0.002888888888888889;0.05420130638423895;0.18644335698220804;3.234933465774781;0.0;3.4213768227569887;0.240735468
20.0;46.0;2609.059115626504;1.0033333333333334;0.0;0.0;8.888888888888889E-4;0.0014444444444444446;0.05420130638423895;0.18644335698220804;3.234933465774781;0.0;3.4213768227569887;0.071304432
20.0;46.0;2609.059115626504;1.0033333333333334;0.0;0.0;7.777777777777778E-4;0.0012222222222222226;0.05420130638423895;0.18644335698220804;3.234933465774781;0.0;3.4213768227569887;0.056471334
20.0;46.0;2609.059115626504;1.0033333333333334;0.0;0.0;6.666666666666666E-4;0.001;0.05420130638423895;0.18644335698220804;3.234933465774781;0.0;3.4213768227569887;0.046483986
20.0;46.0;2609.059115626504;1.0033333333333334;0.0;0.0;8.888888888888889E-4;0.0011111111111111113;0.05420130638423895;0.18644335698220804;3.234933465774781;0.0;3.4213768227569887;0.045410728
