#NB_PM;NB_VM;sim_time;cpu_energy;nb_mig;all_sla;vm_realloc_mean;exe_time_mean;strg_egy;egy_cost;wo_cost;sla_cost;all_cost;all_time
100.0;269.0;2707.1943396226416;4.719444444444444;0.0;0.0;1.1111111111111112E-4;0.002;0.02433025414046122;0.8363274793605189;3.0722201939564613;0.0;3.9085476733169804;0.625046784
100.0;269.0;2707.1943396226416;4.719444444444444;0.0;0.0;0.0;0.0013333333333333333;0.02433025414046122;0.8363274793605189;3.0722201939564613;0.0;3.9085476733169804;0.393962797
100.0;269.0;2707.1943396226416;4.719444444444444;0.0;0.0;0.0;0.0011111111111111113;0.02433025414046122;0.8363274793605189;3.0722201939564613;0.0;3.9085476733169804;0.290887912
100.0;269.0;2707.1943396226416;4.719444444444444;0.0;0.0;0.0;8.888888888888889E-4;0.02433025414046122;0.8363274793605189;3.0722201939564613;0.0;3.9085476733169804;0.237437953
100.0;269.0;2707.1943396226416;4.719444444444444;0.0;0.0;0.0;7.777777777777778E-4;0.02433025414046122;0.8363274793605189;3.0722201939564613;0.0;3.9085476733169804;0.189670698
