#NB_PM;NB_VM;sim_time;cpu_energy;nb_mig;all_sla;vm_realloc_mean;exe_time_mean;strg_egy;egy_cost;wo_cost;sla_cost;all_cost;all_time
100.0;270.0;2609.059115626504;3.3533333333333335;0.0;0.0;1.1111111111111112E-4;0.0024444444444444453;0.025191087123248877;0.5956338553264955;3.111001499586801;0.0;3.7066353549132964;0.594233945
100.0;270.0;2609.059115626504;3.3533333333333335;0.0;0.0;1.1111111111111112E-4;0.0011111111111111113;0.025191087123248877;0.5956338553264955;3.111001499586801;0.0;3.7066353549132964;0.291132487
100.0;270.0;2609.059115626504;3.3533333333333335;0.0;0.0;0.0;0.0011111111111111113;0.025191087123248877;0.5956338553264955;3.111001499586801;0.0;3.7066353549132964;0.220878852
100.0;270.0;2609.059115626504;3.3533333333333335;0.0;0.0;0.0;7.777777777777778E-4;0.025191087123248877;0.5956338553264955;3.111001499586801;0.0;3.7066353549132964;0.208613374
100.0;270.0;2609.059115626504;3.3533333333333335;0.0;0.0;0.0;6.666666666666666E-4;0.025191087123248877;0.5956338553264955;3.111001499586801;0.0;3.7066353549132964;0.154827268
