#NB_PM;NB_VM;sim_time;cpu_energy;nb_mig;all_sla;vm_realloc_mean;exe_time_mean;strg_egy;egy_cost;wo_cost;sla_cost;all_cost;all_time
20.0;15.0;5106.084905660377;1.2155388471177948;0.0;0.0;1.7647058823529413E-4;8.235294117647062E-4;0.0068062079926624755;0.21549943321597365;1.3308297061781411;0.0;1.5463291393941148;0.176222138
20.0;15.0;5106.084905660377;1.2155388471177948;0.0;0.0;0.0;4.1176470588235296E-4;0.0068062079926624755;0.21549943321597365;1.3308297061781411;0.0;1.5463291393941148;0.053995168
20.0;15.0;5106.084905660377;1.2155388471177948;0.0;0.0;0.0;5.294117647058824E-4;0.0068062079926624755;0.21549943321597365;1.3308297061781411;0.0;1.5463291393941148;0.050115549
20.0;15.0;5106.084905660377;1.2155388471177948;0.0;0.0;5.882352941176471E-5;1.7647058823529413E-4;0.0068062079926624755;0.21549943321597365;1.3308297061781411;0.0;1.5463291393941148;0.039754634
20.0;15.0;5106.084905660377;1.2155388471177948;0.0;0.0;0.0;4.1176470588235296E-4;0.0068062079926624755;0.21549943321597365;1.3308297061781411;0.0;1.5463291393941148;0.036712067
