#NB_PM;NB_VM;sim_time;cpu_energy;nb_mig;all_sla;vm_realloc_mean;exe_time_mean;strg_egy;egy_cost;wo_cost;sla_cost;all_cost;all_time
20.0;50.0;2740.528301886792;0.9577537037037037;18.0;0.0016763591961754176;4.4444444444444447E-4;0.0012222222222222226;0.005630510288259959;0.16984463692678323;5.544231098468406;0.6034893106231504;6.3175650460183395;0.304278681
20.0;50.0;2740.528301886792;0.9577537037037037;18.0;0.0016763591961754176;2.2222222222222223E-4;6.666666666666666E-4;0.005630510288259959;0.16984463692678323;5.544231098468406;0.6034893106231504;6.3175650460183395;0.081717932
20.0;50.0;2740.528301886792;0.9577537037037037;18.0;0.0016763591961754176;2.2222222222222223E-4;6.666666666666666E-4;0.005630510288259959;0.16984463692678323;5.544231098468406;0.6034893106231504;6.3175650460183395;0.068636405
20.0;50.0;2740.528301886792;0.9577537037037037;18.0;0.0016763591961754176;0.0;2.2222222222222223E-4;0.005630510288259959;0.16984463692678323;5.544231098468406;0.6034893106231504;6.3175650460183395;0.069735586
20.0;50.0;2740.528301886792;0.9577537037037037;18.0;0.0016763591961754176;0.0;3.333333333333333E-4;0.005630510288259959;0.16984463692678323;5.544231098468406;0.6034893106231504;6.3175650460183395;0.070146084
