#NB_PM;NB_VM;sim_time;cpu_energy;nb_mig;all_sla;vm_realloc_mean;exe_time_mean;strg_egy;egy_cost;wo_cost;sla_cost;all_cost;all_time
20.0;50.0;2740.528301886792;0.8230314814814815;18.0;0.001779234358113748;6.666666666666666E-4;0.0015555555555555561;0.05789714001048218;0.1553077159690332;6.709303600162086;0.6405243689209493;7.505135685052068;0.264748848
20.0;50.0;2740.528301886792;0.8230314814814815;18.0;0.001779234358113748;8.888888888888889E-4;8.888888888888889E-4;0.05789714001048218;0.1553077159690332;6.709303600162086;0.6405243689209493;7.505135685052068;0.082762097
20.0;50.0;2740.528301886792;0.8230314814814815;18.0;0.001779234358113748;3.333333333333333E-4;8.888888888888889E-4;0.05789714001048218;0.1553077159690332;6.709303600162086;0.6405243689209493;7.505135685052068;0.07042106
20.0;50.0;2740.528301886792;0.8230314814814815;18.0;0.001779234358113748;2.2222222222222223E-4;3.333333333333333E-4;0.05789714001048218;0.1553077159690332;6.709303600162086;0.6405243689209493;7.505135685052068;0.05789412
20.0;50.0;2740.528301886792;0.8230314814814815;18.0;0.001779234358113748;1.1111111111111112E-4;4.4444444444444447E-4;0.05789714001048218;0.1553077159690332;6.709303600162086;0.6405243689209493;7.505135685052068;0.052476311
