#NB_PM;NB_VM;sim_time;cpu_energy;nb_mig;all_sla;vm_realloc_mean;exe_time_mean;strg_egy;egy_cost;wo_cost;sla_cost;all_cost;all_time
20.0;40.0;5109.088679245283;1.9348370927318308;0.0;0.0;5.882352941176471E-5;5.882352941176472E-4;0.006882488784067086;0.3423251622212528;3.491688470883549;0.0;3.8340136331048016;0.223827773
20.0;40.0;5109.088679245283;1.9348370927318308;0.0;0.0;1.1764705882352942E-4;5.882352941176472E-4;0.006882488784067086;0.3423251622212528;3.491688470883549;0.0;3.8340136331048016;0.075308969
20.0;40.0;5109.088679245283;1.9348370927318308;0.0;0.0;0.0;5.294117647058824E-4;0.006882488784067086;0.3423251622212528;3.491688470883549;0.0;3.8340136331048016;0.061975626
20.0;40.0;5109.088679245283;1.9348370927318308;0.0;0.0;0.0;2.3529411764705883E-4;0.006882488784067086;0.3423251622212528;3.491688470883549;0.0;3.8340136331048016;0.047129672
20.0;40.0;5109.088679245283;1.9348370927318308;0.0;0.0;5.882352941176471E-5;2.3529411764705883E-4;0.006882488784067086;0.3423251622212528;3.491688470883549;0.0;3.8340136331048016;0.050268026
