#NB_PM;NB_VM;sim_time;cpu_energy;nb_mig;all_sla;vm_realloc_mean;exe_time_mean;strg_egy;egy_cost;wo_cost;sla_cost;all_cost;all_time
100.0;269.0;2707.1943396226416;4.719444444444444;0.0;0.0;1.1111111111111112E-4;0.002333333333333334;0.02433025414046122;0.8363274793605189;3.0722201939564613;0.0;3.9085476733169804;0.63874277
100.0;269.0;2707.1943396226416;4.719444444444444;0.0;0.0;0.0;7.777777777777778E-4;0.02433025414046122;0.8363274793605189;3.0722201939564613;0.0;3.9085476733169804;0.328802465
100.0;269.0;2707.1943396226416;4.719444444444444;0.0;0.0;0.0;8.888888888888889E-4;0.02433025414046122;0.8363274793605189;3.0722201939564613;0.0;3.9085476733169804;0.239053891
100.0;269.0;2707.1943396226416;4.719444444444444;0.0;0.0;1.1111111111111112E-4;7.777777777777778E-4;0.02433025414046122;0.8363274793605189;3.0722201939564613;0.0;3.9085476733169804;0.214618773
100.0;269.0;2707.1943396226416;4.719444444444444;0.0;0.0;0.0;4.4444444444444447E-4;0.02433025414046122;0.8363274793605189;3.0722201939564613;0.0;3.9085476733169804;0.196110518
