#NB_PM;NB_VM;sim_time;cpu_energy;nb_mig;all_sla;vm_realloc_mean;exe_time_mean;strg_egy;egy_cost;wo_cost;sla_cost;all_cost;all_time
20.0;35.0;5109.088679245283;1.8496240601503766;0.0;0.0;5.882352941176471E-5;7.647058823529414E-4;0.00677655099580713;0.3272834277450722;3.076673941619916;0.0;3.403957369364988;0.217197882
20.0;35.0;5109.088679245283;1.8496240601503766;0.0;0.0;0.0;2.9411764705882356E-4;0.00677655099580713;0.3272834277450722;3.076673941619916;0.0;3.403957369364988;0.069385389
20.0;35.0;5109.088679245283;1.8496240601503766;0.0;0.0;0.0;3.5294117647058826E-4;0.00677655099580713;0.3272834277450722;3.076673941619916;0.0;3.403957369364988;0.053982168
20.0;35.0;5109.088679245283;1.8496240601503766;0.0;0.0;5.882352941176471E-5;4.1176470588235296E-4;0.00677655099580713;0.3272834277450722;3.076673941619916;0.0;3.403957369364988;0.046840375
20.0;35.0;5109.088679245283;1.8496240601503766;0.0;0.0;0.0;1.1764705882352942E-4;0.00677655099580713;0.3272834277450722;3.076673941619916;0.0;3.403957369364988;0.044599714
