#NB_PM;NB_VM;sim_time;cpu_energy;nb_mig;all_sla;vm_realloc_mean;exe_time_mean;strg_egy;egy_cost;wo_cost;sla_cost;all_cost;all_time
20.0;42.0;5109.186792452831;1.9448621553884724;0.0;0.0;1.1764705882352942E-4;0.0010000000000000005;0.006950324842767296;0.3441045402647676;3.7091659536213464;0.0;4.053270493886114;0.236278353
20.0;42.0;5109.186792452831;1.9448621553884724;0.0;0.0;5.882352941176471E-5;4.1176470588235296E-4;0.006950324842767296;0.3441045402647676;3.7091659536213464;0.0;4.053270493886114;0.085107567
20.0;42.0;5109.186792452831;1.9448621553884724;0.0;0.0;0.0;5.882352941176472E-4;0.006950324842767296;0.3441045402647676;3.7091659536213464;0.0;4.053270493886114;0.074149333
20.0;42.0;5109.186792452831;1.9448621553884724;0.0;0.0;0.0;5.294117647058824E-4;0.006950324842767296;0.3441045402647676;3.7091659536213464;0.0;4.053270493886114;0.077047102
20.0;42.0;5109.186792452831;1.9448621553884724;0.0;0.0;0.0;1.7647058823529413E-4;0.006950324842767296;0.3441045402647676;3.7091659536213464;0.0;4.053270493886114;0.058860372
